,Name
0,aabid
1,aabida
2,aachal
3,aadesh
4,aadil
5,aadish
6,aaditya
7,aaenab
8,aafreen
9,aafrin
10,aaftaab
11,aaftab
12,aagand
13,aahim
14,aajad
15,aajiv
16,aakanksha
17,aakar
18,aakas
19,aakash
20,aakib
21,aalam
22,aalina
23,aaliya
24,aamil
25,aamin
26,aamina
27,aamir
28,aamod
29,aamosh
30,aamrin
31,aanad
32,aanamika
33,aanand
34,aanchal
35,aanik
36,aanil
37,aansi
38,aansu
39,aanya
40,aaradhana
41,aarati
42,aarav
43,aardhna
44,aarif
45,aarifa
46,aarifun
47,aarju
48,aarti
49,aarushi
50,aas
51,aasa
52,aash
53,aasha
54,aashi
55,aashia
56,aashif
57,aashik
58,aashis
59,aashish
60,aashiya
61,aashma
62,aashu
63,aasif
64,aasim
65,aasish
66,aasma
67,aasmin
68,aastha
69,aasto
70,aasu
71,aatam
72,aatif
73,aatikun
74,aatir
75,aavesh
76,aayana
77,aayesha
78,aaysha
79,aayush
80,aazad
81,aazadi
82,abash
83,abbal
84,abbas
85,abdul
86,abdulla
87,abdullah
88,abha
89,abhaki
90,abhash
91,abhay
92,abhaysingh
93,abhi
94,abhijeet
95,abhijit
96,abhilash
97,abhilasha
98,abhimanu
99,abhimanyu
100,abhinandan
101,abhinash
102,abhinav
103,abhinay
104,abhinwav
105,abhiraj
106,abhisek
107,abhisekh
108,abhishak
109,abhishek
110,abhishekh
111,abhishiek
112,abhishik
113,abid
114,abida
115,abishak
116,abishek
117,abrar
118,abu
119,abul
120,achin
121,adalat
122,adan
123,adarsh
124,adersen
125,adesh
126,adhish
127,adi
128,adiba
129,adil
130,adisan
131,aditi
132,aditiya
133,aditya
134,adityalok
135,adnan
136,adrash
137,aejaz
138,aesha
139,afarin
140,affan
141,afjal
142,afridi
143,afrin
144,afrina
145,afroz
146,afsana
147,afsar
148,afsari
149,afsha
150,afshana
151,afshar
152,aftab
153,afzaj
154,afzal
155,agrej
156,agyapad
157,ahamad
158,ahmad
159,ahmed
160,ahsamin
161,ahsan
162,ahupendra
163,aidtya
164,aijay
165,aisha
166,aishe
167,aishwarya
168,ajab
169,ajad
170,ajahar
171,ajaj
172,ajara
173,ajay
174,ajaypal
175,ajeem
176,ajeet
177,ajim
178,ajima
179,ajit
180,ajju
181,ajkati
182,ajmal
183,ajman
184,ajmer
185,ajmeri
186,ajmit
187,ajnabi
188,ajnoor
189,ajra
190,akaash
191,akansh
192,akansha
193,akash
194,akashya
195,akbar
196,akbari
197,akeel
198,akhalak
199,akhatari
200,akheelesh
201,akhil
202,akhilesh
203,akhileshwer
204,akhlaq
205,akhlesh
206,akhlish
207,akhtar
208,akhtari
209,akib
210,akif
211,akil
212,akilesh
213,akkash
214,akkni
215,akram
216,akshat
217,akshay
218,akshit
219,akshita
220,akshpaat
221,akthari
222,aktri
223,al0k
224,alahbasri
225,alam
226,alapna
227,alaudin
228,albaksha
229,albina
230,aleesha
231,alema
232,alhamdi
233,ali
234,alijan
235,alim
236,alima
237,alina
238,alis
239,alish
240,alisha
241,alita
242,aliya
243,alka
244,alkesh
245,allabaksh
246,allaraji
247,allauddin
248,alma
249,almina
250,alok
251,alseepa
252,altab
253,altaf
254,altmash
255,aluddin
256,aman
257,amana
258,amandeep
259,amanjeet
260,amar
261,amarapal
262,amarchand
263,amardeep
264,amarendra
265,amarin
266,amarjeet
267,amarjit
268,amarmula
269,amarnath
270,amart
271,amarvesh
272,amasi
273,amba
274,amber
275,ambika
276,ambiya
277,ameen
278,ameer
279,ameera
280,amena
281,amida
282,amie
283,amijan
284,amil
285,amin
286,amina
287,amir
288,amiraka
289,amiri
290,amirul
291,amisha
292,amit
293,"amit,"
294,amita
295,amjad
296,amjat
297,amkit
298,amlesh
299,ammar
300,amna
301,amol
302,amot
303,amrat
304,amratalal
305,amreek
306,amreen
307,amreeta
308,amri
309,amrik
310,amrika
311,amrin
312,amrish
313,amrit
314,amrita
315,amritha
316,amritpal
317,amrjeet
318,amrooti
319,amrta
320,amrudin
321,amuchla
322,amuda
323,amzad
324,anadi
325,anaji
326,anam
327,anamika
328,anamol
329,anand
330,anandi
331,anandu
332,anandwati
333,anantram
334,anara
335,anarkali
336,anaro
337,anash
338,anayatha
339,anchal
340,andhav
341,aneeta
342,anekha
343,angad
344,angan
345,angda
346,angreg
347,anguri
348,anikesh
349,aniket
350,anikt
351,anil
352,animesh
353,anirudh
354,anish
355,anisha
356,anita
357,anja
358,anjal
359,anjali
360,anjaly
361,anjan
362,anjana
363,anjani
364,anjara
365,anjeev
366,anjila
367,anjli
368,anjna
369,anjrej
370,anju
371,anjum
372,anjuman
373,ankaj
374,ankala
375,ankeet
376,ankesh
377,ankit
378,ankita
379,ankur
380,ankus
381,ankush
382,anli
383,anmol
384,annat
385,annavi
386,annielal
387,anno
388,annu
389,anoj
390,anokha
391,anooj
392,anoop
393,anoopama
394,anoura
395,ansal
396,ansar
397,ansh
398,anshika
399,anshiya
400,anshu
401,anshul
402,anshum
403,anshuman
404,ansu
405,ansul
406,anta
407,antim
408,antima
409,anu
410,anubhav
411,anuj
412,anuja
413,anup
414,anupam
415,anupama
416,anupuma
417,anuradha
418,anurag
419,anuraj
420,anurudh
421,anushka
422,anuska
423,anusoya
424,anuu
425,anwar
426,anwari
427,any
428,anzum
429,aoosaf
430,aparna
431,aphasana
432,aphsana
433,apsana
434,arab
435,araddhna
436,aradhana
437,arajun
438,araslan
439,arati
440,aravind
441,arbaj
442,arbana
443,arbaz
444,archan
445,archana
446,archita
447,archna
448,areen
449,arham
450,arhiyant
451,ariba
452,arif
453,arifa
454,arindom
455,arindra
456,arjina
457,arjun
458,armaan
459,arman
460,armita
461,arnab
462,arnabjit
463,arpit
464,arpna
465,arsad
466,arsh
467,arshad
468,arshi
469,arshla
470,arsi
471,arthi
472,arti
473,aru
474,arun
475,aruna
476,aruni
477,arunkumar
478,arvind
479,arvinder
480,aryan
481,arzoo
482,asagar
483,asana
484,asanti
485,asarfi
486,asfak
487,asfaq
488,asgar
489,asgari
490,asha
491,ashad
492,ashak
493,ashanjali
494,asharam
495,asharani
496,ashfaq
497,ashif
498,ashik
499,ashima
500,ashiqu
501,ashish
502,ashishi
503,ashiya
504,ashlam
505,ashma
506,ashman
507,ashmi
508,ashmin
509,ashnu
510,asho
511,ashok
512,ashra
513,ashrabi
514,ashraf
515,ashrfi
516,ashshwer
517,ashsish
518,ashtha
519,ashu
520,ashutosh
521,ashwani
522,ashwini
523,asi
524,asif
525,asish
526,asiwani
527,asiya
528,aslam
529,asma
530,asman
531,asmat
532,asmin
533,asmina
534,asmit
535,asmita
536,asrani
537,asrf
538,asruddin
539,astha
540,asutosh
541,aswani
542,aswin
543,atanu
544,ateek
545,atif
546,atiq
547,atish
548,atitaj
549,atta
550,attar
551,atu
552,atul
553,avadh
554,avantika
555,avastha
556,avdesh
557,avdhesh
558,avfesh
559,avi
560,avid
561,avinas
562,avinash
563,avinsh
564,avneet
565,avnish
566,avnit
567,avtar
568,awdesh
569,awdhesh
570,awedhesh
571,awshin
572,axat
573,ayan
574,ayasha
575,aysha
576,ayub
577,ayube
578,ayush
579,ayushi
580,azad
581,azam
582,azaruddin
583,azaz
584,azhar
585,azim
586,azmira
587,azruddin
588,baam
589,babali
590,babalu
591,baban
592,babar
593,babbi
594,babbu
595,babby
596,babita
597,babli
598,babloo
599,bablu
600,babram
601,babu
602,babudden
603,babuddin
604,babul
605,babulal
606,babupuri
607,baburam
608,baby
609,baccha
610,bacche
611,bacchu
612,bachan
613,bachcha
614,bachheshwar
615,bachhu
616,bachu
617,bada
618,badal
619,badami
620,badan
621,badarjahan
622,badnath
623,badrealam
624,badri
625,badru
626,badrudeen
627,badrulla
628,badrunisha
629,badshya
630,baga
631,bagaram
632,bagdai
633,bagga
634,baggusingh
635,bagwan
636,bahadur
637,bahalen
638,bahart
639,bahnu
640,bahrat
641,bahwana
642,baichan
643,baidnath
644,baijnath
645,baita
646,bajinder
647,bajrang
648,bajrangi
649,bajulal
650,bake
651,bakhtvaar
652,bakila
653,baksi
654,bal
655,bala
656,balak
657,balalia
658,balam
659,balaram
660,balbeer
661,balbir
662,balbiri
663,balchand
664,baldev
665,baleshwar
666,baleshwer
667,bali
668,baliram
669,baliya
670,baljeet
671,baljinder
672,balkishan
673,ballu
674,balmiki
675,balraj
676,balram
677,balveer
678,balvinder
679,balwan
680,balwant
681,banarsi
682,bandana
683,bandani
684,bandu
685,bangali
686,banita
687,baniya
688,banju
689,bannu
690,banshi
691,bansi
692,bansilal
693,banti
694,bantu
695,banty
696,banu
697,banwari
698,banwarilal
699,bapu
700,barakha
701,barham
702,barj
703,barjesh
704,barjraj
705,barkat
706,barkha
707,barti
708,basant
709,basanta
710,basanti
711,bashanti
712,bashudev
713,basibul
714,basiran
715,basnti
716,batasi
717,batloon
718,bato
719,batu
720,batul
721,baudi
722,bavita
723,bawan
724,beauty
725,bebi
726,beby
727,bechan
728,beekar
729,beena
730,beenu
731,beera
732,beeram
733,beeru
734,beeti
735,beeuty
736,begam
737,begraj
738,begum
739,begumpur
740,belo
741,benay
742,beni
743,benjir
744,benu
745,beragi
746,beti
747,bhabhav
748,bhabhiya
749,bhaddal
750,bhadur
751,bhag
752,bhagat
753,bhagay
754,bhagchand
755,bhaggo
756,bhagipuri
757,bhagirath
758,bhagirathi
759,bhagvaan
760,bhagvati
761,bhagwan
762,bhagwana
763,bhagwanaram
764,bhagwanti
765,bhagwat
766,bhagwati
767,bhagya
768,bhahadur
769,bhajan
770,bhajandeep
771,bhajanlal
772,bhajju
773,bhakuni
774,bhala
775,bhalaram
776,bhan
777,bhani
778,bhanmati
779,bhanu
780,bhanumati
781,bhanupriya
782,bhanvar
783,bhanwar
784,bhanwari
785,bhanwer
786,bhanweri
787,bharat
788,bharati
789,bharatlal
790,bharkah
791,bharkha
792,bharma
793,bhart
794,bhartendu
795,bharti
796,bhasker
797,bhatari
798,bhateri
799,bhatri
800,bhauk
801,bhavana
802,bhavesh
803,bhavisaya
804,bhavishy
805,bhavishya
806,bhavna
807,bhavuk
808,bhawan
809,bhawana
810,bhawani
811,bhawar
812,bhawari
813,bhawna
814,bheem
815,bheema
816,bhemji
817,bherav
818,bhhatu
819,bhikhari
820,bhiki
821,bhim
822,bhima
823,bhimsen
824,bhisan
825,bhismpal
826,bhiva
827,bhojaram
828,bhojpal
829,bhola
830,bholaram
831,bhole
832,bholi
833,bholu
834,bhonu
835,bhoop
836,bhoopsingh
837,bhoori
838,bhopal
839,bhorelal
840,bhotra
841,bhram
842,bhramanand
843,bhrat
844,bhrkat
845,bhteri
846,bhud
847,bhudev
848,bhudevi
849,bhudhashen
850,bhudhi
851,bhulaee
852,bhulan
853,bhuli
854,bhumika
855,bhundki
856,bhuneshwar
857,bhup
858,bhupen
859,bhupendar
860,bhupender
861,bhupendra
862,bhupesh
863,bhura
864,bhuralal
865,bhure
866,bhuri
867,bhusan
868,bhushan
869,bhuvneshwar
870,bhuwan
871,bidami
872,bidhya
873,bidur
874,bigan
875,biitu
876,bijali
877,bijander
878,bijender
879,bijendra
880,bikki
881,bikram
882,bilal
883,bilke
884,bilkis
885,bima
886,bimla
887,bimlesh
888,bina
889,binani
890,binda
891,binder
892,bindi
893,bindiya
894,bindu
895,bindvasini
896,binita
897,binja
898,binnu
899,binpal
900,bintu
901,binu
902,bipin
903,bipnesh
904,bir
905,biraj
906,birajbhushan
907,birajpal
908,biram
909,biran
910,birbal
911,birender
912,birgesh
913,birij
914,birjesh
915,birju
916,birma
917,birmadevi
918,birmati
919,bironica
920,birpal
921,birtha
922,biru
923,bishan
924,bishana
925,bishesh
926,bishnu
927,bishun
928,bismilla
929,bisto
930,bitoo
931,bittan
932,bitto
933,bittoo
934,bittu
935,bivla
936,biwa
937,bobbi
938,bobby
939,bobi
940,boby
941,bodh
942,bodu
943,boduram
944,bohati
945,braham
946,brahamprakash
947,brahmanand
948,braj
949,brajendra
950,bram
951,brij
952,brijesh
953,brijlal
954,brijmohan
955,brijnandan
956,brijpal
957,brijshwaer
958,brinda
959,brkha
960,bsram
961,buchhi
962,buddha
963,buddhi
964,budh
965,budhan
966,budhi
967,budho
968,budhram
969,budhu
970,budhwanti
971,buhan
972,buity
973,bulad
974,bulbul
975,bulet
976,bunda
977,bundel
978,bundhu
979,bunti
980,bunty
981,bupal
982,bushara
983,bushra
984,busness
985,busra
986,captain
987,chabi
988,chahat
989,chain
990,chajju
991,chakra
992,chama
993,chaman
994,chamanlal
995,chameli
996,champa
997,chanab
998,chanchal
999,chanchl
1000,chand
1001,chanda
1002,chandabai
1003,chandan
1004,chandani
1005,chandar
1006,chanden
1007,chander
1008,chanderbal
1009,chanderkala
1010,chanderkali
1011,chanderkanta
1012,chandermani
1013,chanderpal
1014,chanderwati
1015,chandesh
1016,chandeshwar
1017,chandi
1018,chandini
1019,chandki
1020,chandkor
1021,chandni
1022,chando
1023,chandpreet
1024,chandra
1025,chandracala
1026,chandrakala
1027,chandrashekhar
1028,chandrawati
1029,chandreshwar
1030,chandrika
1031,chandrram
1032,chandru
1033,chandu
1034,chango
1035,channu
1036,chanpa
1037,chappla
1038,charan
1039,charanjeet
1040,charnjeet
1041,charu
1042,chatan
1043,chatar
1044,chaterpal
1045,chatter
1046,chaturbhuj
1047,chaya
1048,cheddi
1049,cheete
1050,chela
1051,chertamani
1052,chet
1053,chetan
1054,chetana
1055,chetanram
1056,chetanya
1057,chetna
1058,chetram
1059,chettan
1060,chhabeel
1061,chhabi
1062,chhabil
1063,chhagan
1064,chhagana
1065,chhamo
1066,chhano
1067,chhanoyar
1068,chhantu
1069,chhanya
1070,chhatar
1071,chhaterwati
1072,chhavi
1073,chhaya
1074,chhedilal
1075,chhidu
1076,chhinderpal
1077,chhitar
1078,chhotelal
1079,chhoti
1080,chhotu
1081,chhotudevi
1082,chiddu
1083,chinki
1084,chinku
1085,chinta
1086,chintan
1087,chintu
1088,chinu
1089,chirag
1090,chiranjavi
1091,chitprit
1092,chitra
1093,chitrangan
1094,chitranjan
1095,chitro
1096,chitu
1097,chnada
1098,chnda
1099,chndrakla
1100,choga
1101,chom
1102,chootu
1103,chorag
1104,chosh
1105,chotan
1106,chote
1107,chotelal
1108,choti
1109,chotibai
1110,chotti
1111,chottu
1112,chotu
1113,chotum
1114,choturam
1115,chran
1116,chtar
1117,chtarpal
1118,chumki
1119,chunaram
1120,chuni
1121,chunni
1122,chunnu
1123,chura
1124,constable
1125,cosmic
1126,daaud
1127,dabbu
1128,dabu
1129,dakch
1130,daks
1131,daksh
1132,dakshina
1133,dakshya
1134,dal
1135,dalchand
1136,daler
1137,dali
1138,dalima
1139,dalip
1140,daljeet
1141,daljit
1142,dalpat
1143,dama
1144,daman
1145,damanjeet
1146,damini
1147,damodar
1148,dana
1149,daniel
1150,danish
1151,danista
1152,danveer
1153,danwati
1154,dara
1155,darfasha
1156,dariya
1157,darkash
1158,darshan
1159,darshana
1160,darshna
1161,dasharath
1162,dashrath
1163,data
1164,dataterya
1165,dauad
1166,dauji
1167,daulat
1168,daveena
1169,davender
1170,davendra
1171,davinder
1172,daya
1173,dayal
1174,dayaram
1175,dayawati
1176,deba
1177,deeksha
1178,deelip
1179,deen
1180,deendyal
1181,deep
1182,deepa
1183,deepaak
1184,deepak
1185,deepali
1186,deepan
1187,deepanker
1188,deepanshi
1189,deepanshu
1190,deepansu
1191,deepanti
1192,deepchand
1193,deepender
1194,deepi
1195,deepika
1196,deepka
1197,deepmala
1198,deepnarayan
1199,deepshikha
1200,deepti
1201,deepu
1202,deepvhand
1203,deeraj
1204,deerendra
1205,deewan
1206,deeya
1207,denesh
1208,deni
1209,deou
1210,depali
1211,depander
1212,desh
1213,deshraj
1214,dev
1215,deva
1216,devanand
1217,devanti
1218,devasheeh
1219,devashish
1220,devasish
1221,devdhari
1222,devender
1223,devendr
1224,devendra
1225,devendri
1226,devesh
1227,devi
1228,devid
1229,devideen
1230,devik
1231,devika
1232,devilal
1233,devinder
1234,devkali
1235,devki
1236,devkran
1237,devli
1238,devpal
1239,devraj
1240,devya
1241,devyani
1242,deyji
1243,dhakhadevi
1244,dhalchand
1245,dhamender
1246,dhamini
1247,dhan
1248,dhana
1249,dhananjai
1250,dhananjay
1251,dhaneswar
1252,dhaney
1253,dhani
1254,dhaniya
1255,dhanjay
1256,dhanna
1257,dhanni
1258,dhannu
1259,dhanpat
1260,dhanpati
1261,dhanraj
1262,dhansinghpuri
1263,dhanu
1264,dhanwanti
1265,dhanwati
1266,dhapu
1267,dhara
1268,dharam
1269,dharambir
1270,dharamender
1271,dharampal
1272,dharamveer
1273,dharamvir
1274,dharm
1275,dharma
1276,dharmandra
1277,dharmbir
1278,dharmender
1279,dharmendera
1280,dharmendr
1281,dharmendra
1282,dharminder
1283,dharmpal
1284,dharmraj
1285,dharmshila
1286,dharmveer
1287,dharmvir
1288,dharvesh
1289,dhawal
1290,dheeraj
1291,dheerendra
1292,dhermendra
1293,dhiraj
1294,dhirender
1295,dhirpal
1296,dhiru
1297,dhisa
1298,dhmendar
1299,dhodi
1300,dhola
1301,dholi
1302,dhram
1303,dhrama
1304,dhrambir
1305,dhramender
1306,dhrampal
1307,dhrampla
1308,dhramveer
1309,dhreej
1310,dhrmveer
1311,dhruv
1312,dhukhu
1313,dhulin
1314,dhurav
1315,dhurender
1316,dhurpati
1317,dhuruv
1318,dhurv
1319,dhurve
1320,dibakar
1321,dibya
1322,digamber
1323,digvijay
1324,diksha
1325,dikshant
1326,dil
1327,dila
1328,dilawar
1329,dilbar
1330,dildar
1331,dilip
1332,dilish
1333,diljan
1334,dilkhush
1335,dilkush
1336,dilsad
1337,dilsah
1338,dilshad
1339,dilshadi
1340,dilshana
1341,dilvar
1342,dimpal
1343,dimple
1344,dimpu
1345,dimpy
1346,dineesh
1347,dinesh
1348,dinkar
1349,dipa
1350,dipak
1351,dipali
1352,dipanshi
1353,dipanshu
1354,dipansu
1355,dipeeka
1356,dipendra
1357,dipika
1358,dipti
1359,dipu
1360,dirgaj
1361,disha
1362,dishad
1363,dishant
1364,dishu
1365,disi
1366,diti
1367,divaie
1368,divakar
1369,divansh
1370,divaraj
1371,divy
1372,divya
1373,divyansh
1374,diwakar
1375,diwan
1376,diwansi
1377,dixya
1378,diya
1379,dolat
1380,doli
1381,dolley
1382,dolly
1383,dolo
1384,doly
1385,doodhnath
1386,dord
1387,dorilal
1388,doulat
1389,dowlat
1390,dropati
1391,dropti
1392,druga
1393,dukhi
1394,dulal
1395,dular
1396,dulari
1397,dulichand
1398,dumani
1399,dumnik
1400,dund
1401,duni
1402,dur
1403,duraga
1404,durg
1405,durga
1406,durgabai
1407,durgalal
1408,durganand
1409,durgash
1410,durgashankar
1411,durgawati
1412,durgesh
1413,durgpal
1414,durjan
1415,durvesh
1416,dushyant
1417,dvndavva
1418,dwarika
1419,dwarka
1420,dwrikaprasad
1421,dya
1422,ebane
1423,edris
1424,ekamjeet
1425,ekata
1426,ekram
1427,ekta
1428,eldro
1429,eliyas
1430,elwin
1431,emilia
1432,emran
1433,englas
1434,eshavarya
1435,eshwari
1436,esrail
1437,etahsaam
1438,evan
1439,ezaz
1440,faaija
1441,fahija
1442,fahim
1443,fahira
1444,faijal
1445,faijina
1446,faim
1447,faimuddin
1448,faisal
1449,faiyaaz
1450,faiz
1451,faizal
1452,faizan
1453,faizudeen
1454,faizur
1455,fakerey
1456,fakiha
1457,fakir
1458,fakiri
1459,fakrrudeen
1460,fakrudeen
1461,fanni
1462,faqir
1463,fara
1464,farah
1465,faraha
1466,faraheen
1467,faran
1468,farana
1469,fareem
1470,fareen
1471,fareena
1472,farha
1473,farhaja
1474,farhan
1475,farhana
1476,farhanaaz
1477,farhanaz
1478,farheen
1479,farhib
1480,farhin
1481,farid
1482,farida
1483,farina
1484,farjana
1485,farjand
1486,farjanul
1487,farku
1488,farmaan
1489,farman
1490,farmeena
1491,faroj
1492,farukh
1493,farzana
1494,fasrun
1495,fateh
1496,father
1497,fatima
1498,fatma
1499,fauina
1500,faujdar
1501,fauji
1502,fazaley
1503,fazaz
1504,fazia
1505,fazin
1506,fazulla
1507,feflibai
1508,felicia
1509,feru
1510,fhaishal
1511,fharman
1512,fida
1513,fija
1514,firakat
1515,firasat
1516,firdosh
1517,firdous
1518,firida
1519,firoj
1520,firoja
1521,firoz
1522,firoza
1523,firtu
1524,fitrat
1525,fiyaz
1526,fiza
1527,fool
1528,foola
1529,fooljhnah
1530,foolmaya
1531,foolwati
1532,for
1533,foranta
1534,foranti
1535,fornta
1536,forshan
1537,fozia
1538,fra
1539,frjana
1540,frra
1541,fuli
1542,fuljhadi
1543,fulmiya
1544,fulo
1545,furkan
1546,furkhan
1547,gaffar
1548,gaffur
1549,gafur
1550,gagan
1551,gagandeep
1552,gahnshyam
1553,gaitri
1554,gajala
1555,gajana
1556,gajender
1557,gajendra
1558,gajla
1559,gajraj
1560,gajwanti
1561,gali
1562,galiya
1563,galu
1564,gambhir
1565,gamer
1566,gandharv
1567,gandhi
1568,ganesh
1569,ganeshi
1570,ganesi
1571,ganga
1572,gangadhar
1573,gangajali
1574,gangaram
1575,gango
1576,ganita
1577,ganpat
1578,ganpati
1579,ganpatram
1580,gantantra
1581,gappu
1582,gargi
1583,garib
1584,garima
1585,garsh
1586,garupal
1587,garv
1588,gattu
1589,gaura
1590,gaurav
1591,gauravgil
1592,gauri
1593,gautam
1594,gawali
1595,gawri
1596,gayatri
1597,gaytree
1598,gaytri
1599,geernish
1600,geesa
1601,geet
1602,geeta
1603,geetanjali
1604,geetika
1605,geetu
1606,gen
1607,genda
1608,gendi
1609,gendu
1610,gensingh
1611,ghan
1612,ghanshayam
1613,ghanshyam
1614,ghansyam
1615,ghantoli
1616,ghaseeta
1617,ghasiram
1618,gheesa
1619,ghisaram
1620,ghurul
1621,gila
1622,gilbahar
1623,girdhari
1624,giri
1625,girija
1626,girijarani
1627,giriraj
1628,girish
1629,girishchandra
1630,girishi
1631,girja
1632,girjesh
1633,girraj
1634,girwer
1635,gita
1636,gitika
1637,givinda
1638,gjender
1639,gladwin
1640,gobind
1641,godambari
1642,gokul
1643,goldan
1644,golden
1645,goldi
1646,goldy
1647,gollu
1648,golu
1649,gomati
1650,gomti
1651,gona
1652,gonsan
1653,goopi
1654,gopal
1655,gopesh
1656,gopi
1657,gopiram
1658,gora
1659,gorav
1660,gordhan
1661,gordhanlal
1662,gori
1663,goruav
1664,gorv
1665,gosia
1666,gotam
1667,gotiya
1668,gourav
1669,gouri
1670,goutam
1671,goverdhan
1672,govind
1673,govinda
1674,grace
1675,grish
1676,groti
1677,grpreet
1678,gruchran
1679,guddi
1680,guddibai
1681,guddiya
1682,guddo
1683,guddu
1684,gudia
1685,gudiya
1686,gudya
1687,gufraan
1688,gufran
1689,gugna
1690,gul
1691,gulab
1692,gulabsa
1693,gulabsha
1694,gulafsa
1695,gulafsha
1696,gulafshan
1697,gulam
1698,gulashan
1699,gulbasha
1700,guldasta
1701,gulesta
1702,gulfam
1703,gulfan
1704,gulfara
1705,gulfasa
1706,gulfasha
1707,gulfsa
1708,gulfsal
1709,gulista
1710,guljan
1711,guljar
1712,gulnaaz
1713,gulnaj
1714,gulnanj
1715,gulnaz
1716,gulnaza
1717,gulpacha
1718,gulran
1719,gulreg
1720,gulsan
1721,gulsana
1722,gulsha
1723,gulshad
1724,gulshafa
1725,gulshan
1726,gulshana
1727,gulsher
1728,gulshtab
1729,gulsida
1730,guluram
1731,gulwasha
1732,guman
1733,gunanidhi
1734,gungun
1735,guni
1736,gunja
1737,gunjan
1738,gur
1739,gurbachan
1740,gurbax
1741,gurcharan
1742,gurdarshan
1743,gurdayal
1744,gurdeep
1745,gurfaan
1746,gurjeet
1747,gurjit
1748,gurlal
1749,gurmeet
1750,gurmel
1751,gurmit
1752,gurnam
1753,gurpreet
1754,gurprit
1755,gursimaran
1756,guru
1757,gurubaksh
1758,gurucharan
1759,gurudut
1760,gurupreet
1761,guruvachan
1762,gurvinder
1763,gutam
1764,gya
1765,gyaan
1766,gyan
1767,gyandeep
1768,gyanender
1769,gyanendra
1770,gyanu
1771,gyanwati
1772,gyarsi
1773,gyatri
1774,gytri
1775,habib
1776,habiba
1777,hadarali
1778,hadisha
1779,hafsa
1780,hagami
1781,haider
1782,hailena
1783,hajari
1784,haji
1785,hajrat
1786,hajrati
1787,hakam
1788,hakimuddin
1789,halima
1790,haliya
1791,halke
1792,halki
1793,halkuji
1794,hament
1795,hamid
1796,hamida
1797,hamim
1798,hamsiran
1799,hamza
1800,handu
1801,haneef
1802,hani
1803,hanif
1804,hanish
1805,hanni
1806,hanny
1807,hansa
1808,hanshraj
1809,hansraj
1810,hanuman
1811,hanumanram
1812,happy
1813,har
1814,harak
1815,harana
1816,hararat
1817,harbai
1818,harbanschauhan
1819,harbansh
1820,harbas
1821,harbhajan
1822,harbinder
1823,harbir
1824,hardam
1825,hardas
1826,hardass
1827,hardeep
1828,hardev
1829,hardik
1830,hare
1831,harees
1832,harender
1833,harendra
1834,hareshwar
1835,hari
1836,harib
1837,harichand
1838,haridutt
1839,hariesh
1840,harikishan
1841,harimohan
1842,harinarayan
1843,harinder
1844,hariom
1845,hariram
1846,harish
1847,harishankar
1848,harishchandr
1849,harishen
1850,harison
1851,harjeet
1852,harji
1853,harjit
1854,harkesh
1855,harleen
1856,harman
1857,harmani
1858,harmeet
1859,harmit
1860,harnam
1861,harneet
1862,harpal
1863,harprasad
1864,harpreet
1865,harprit
1866,harry
1867,harsh
1868,harsha
1869,harshdeep
1870,harshi
1871,harshit
1872,harshita
1873,harshmeet
1874,harun
1875,harvans
1876,harvansh
1877,harvinder
1878,harvindra
1879,harwindra
1880,hasan
1881,hasbul
1882,haseem
1883,haseen
1884,haseena
1885,hashim
1886,hashrat
1887,hasibul
1888,hasibullah
1889,hasim
1890,hasina
1891,hasir
1892,hasmita
1893,hawa
1894,hayatul
1895,hazara
1896,hazari
1897,hazi
1898,hazira
1899,hazra
1900,hazrat
1901,hazu
1902,heeera
1903,heena
1904,heera
1905,heeralal
1906,hem
1907,hema
1908,hemani
1909,hemanshu
1910,hemant
1911,hemanti
1912,hemavanti
1913,hemlat
1914,hemlata
1915,hemleta
1916,hemraj
1917,hemuna
1918,hena
1919,henkhochon
1920,hera
1921,hetal
1922,hifjul
1923,himal
1924,himani
1925,himanshee
1926,himanshi
1927,himanshu
1928,himansi
1929,himansu
1930,himashu
1931,himmat
1932,hina
1933,hini
1934,hira
1935,hiralal
1936,hiramani
1937,hiri
1938,hisamuddin
1939,hisham
1940,hiten
1941,hitender
1942,hitesh
1943,hitlar
1944,hom
1945,homa
1946,honey
1947,hongsi
1948,hoor
1949,horam
1950,hosiyarilal
1951,hoti
1952,hrithik
1953,hritik
1954,hudi
1955,hukam
1956,hukamchand
1957,hukma
1958,hukum
1959,huma
1960,humera
1961,hurji
1962,husain
1963,husainpreet
1964,husana
1965,huseni
1966,husina
1967,husiya
1968,husnara
1969,husno
1970,hyatun
1971,iarfan
1972,ibarhim
1973,ibraham
1974,ibraheem
1975,ibrahim
1976,idrish
1977,iema
1978,iesha
1979,ifteshyam
1980,ijhar
1981,ikara
1982,ikbal
1983,iklakh
1984,ikramuddin
1985,ikramudeen
1986,ikrar
1987,ilayat
1988,ilema
1989,ilesh
1990,ilma
1991,ilyas
1992,imam
1993,imaman
1994,imamuddin
1995,imamudeen
1996,imran
1997,imrana
1998,imsaan
1999,imtiaz
2000,imtiyaz
2001,imtyaz
2002,inayat
2003,incee
2004,inda
2005,indal
2006,indara
2007,inder
2008,inderjeet
2009,inderjit
2010,indernath
2011,inderpaal
2012,inderpal
2013,indervesh
2014,indira
2015,indra
2016,indraj
2017,indresh
2018,indrvati
2019,indta
2020,indu
2021,injmam
2022,injum
2023,inkoo
2024,insaf
2025,iqarar
2026,iqbal
2027,iqra
2028,iqram
2029,iqrar
2030,iqubal
2031,iram
2032,irfa
2033,irfan
2034,irphan
2035,irsad
2036,irshad
2037,irtu
2038,ish
2039,isha
2040,ishan
2041,ishant
2042,isharar
2043,ishatkar
2044,ishawar
2045,ishika
2046,ishita
2047,ishmita
2048,ishrana
2049,ishrat
2050,ishtkar
2051,ishu
2052,ishwar
2053,ishwari
2054,ishwer
2055,isika
2056,islam
2057,islamuddin
2058,islamudin
2059,ismaliye
2060,isnesh
2061,israil
2062,israr
2063,isthar
2064,istikar
2065,istkhar
2066,istyak
2067,istyara
2068,iswar
2069,iswer
2070,itwari
2071,jaanki
2072,jaanu
2073,jabbar
2074,jabir
2075,jacky
2076,jacob
2077,jadu
2078,jafar
2079,jaffar
2080,jafrin
2081,jafruddin
2082,jag
2083,jaga
2084,jagan
2085,jagat
2086,jagbir
2087,jagdamba
2088,jagdambika
2089,jagdeep
2090,jagdeesh
2091,jagdesh
2092,jagdiesh
2093,jagdish
2094,jagir
2095,jagjeet
2096,jagjiwan
2097,jagmal
2098,jagmohan
2099,jagnath
2100,jagpati
2101,jagrti
2102,jagtar
2103,jagviri
2104,jahagir
2105,jahani
2106,jahgeer
2107,jahid
2108,jahir
2109,jahirul
2110,jahoor
2111,jai
2112,jaibhagwan
2113,jaibir
2114,jaichand
2115,jaideep
2116,jaidev
2117,jaidul
2118,jaiguna
2119,jaijairam
2120,jaimala
2121,jaimata
2122,jaimati
2123,jainab
2124,jainaf
2125,jainub
2126,jaipal
2127,jaiparkash
2128,jaiprakash
2129,jaiprkesh
2130,jairam
2131,jaishmin
2132,jaisigh
2133,jaismeen
2134,jaitun
2135,jaivanti
2136,jaiveer
2137,jaivind
2138,jaiwanti
2139,jakh
2140,jakir
2141,jakra
2142,jalaluddin
2143,jalil
2144,jalmi
2145,jalsingh
2146,jalwad
2147,jamaal
2148,jamad
2149,jamadar
2150,jamal
2151,jamee
2152,jameela
2153,jameer
2154,jamil
2155,jamila
2156,jamir
2157,jamna
2158,jamnaa
2159,jamrujaha
2160,jamshed
2161,jamuna
2162,janak
2163,janaki
2164,janam
2165,janardam
2166,janesh
2167,janeshwar
2168,jang
2169,jani
2170,janid
2171,janki
2172,jankidas
2173,jankraj
2174,janmesh
2175,jannat
2176,janta
2177,jantarpal
2178,januka
2179,janvi
2180,janwi
2181,japneet
2182,jaquir
2183,jareena
2184,jarif
2185,jarim
2186,jarina
2187,jarnail
2188,jasbir
2189,jashgul
2190,jashinal
2191,jasim
2192,jasina
2193,jasiram
2194,jaskaran
2195,jaskirat
2196,jasleen
2197,jaslin
2198,jasmeet
2199,jasmen
2200,jasmina
2201,jasoda
2202,jaspal
2203,jaspreet
2204,jassi
2205,jasvant
2206,jasveen
2207,jasveer
2208,jasvinder
2209,jasvindir
2210,jasvir
2211,jaswant
2212,jaswinder
2213,jat
2214,jatan
2215,jatin
2216,jatinder
2217,jauli
2218,javade
2219,javal
2220,javed
2221,javid
2222,javitri
2223,javuneesha
2224,jawahar
2225,jawed
2226,jawhar
2227,jay
2228,jaya
2229,jayada
2230,jayantadass
2231,jayanti
2232,jayda
2233,jaydurga
2234,jayesh
2235,jaykumar
2236,jaynarayan
2237,jayoti
2238,jayotli
2239,jayshing
2240,jayuti
2241,jeba
2242,jebi
2243,jedu
2244,jeenat
2245,jeeren
2246,jeesan
2247,jeeshan
2248,jeet
2249,jeete
2250,jeeth
2251,jeetram
2252,jeetu
2253,jeevan
2254,jeevanlata
2255,jeeya
2256,jenab
2257,jenifer
2258,jenny
2259,jesmin
2260,jeta
2261,jetender
2262,jewa
2263,jgdish
2264,jhaban
2265,jhagdoo
2266,jhagdu
2267,jhakar
2268,jhalla
2269,jhanjhariya
2270,jhansi
2271,jharna
2272,jhawar
2273,jhingi
2274,jhora
2275,jhoti
2276,jhuhi
2277,jhuma
2278,jhumki
2279,jhunna
2280,jhunnu
2281,jibanti
2282,jigar
2283,jile
2284,jimi
2285,jimmi
2286,jina
2287,jinat
2288,jincy
2289,jioty
2290,jisaan
2291,jisan
2292,jishan
2293,jishant
2294,jism
2295,jisu
2296,jit
2297,jitan
2298,jitander
2299,jite
2300,jitender
2301,jitendera
2302,jitendr
2303,jitendra
2304,jitesh
2305,jitin
2306,jittender
2307,jitu
2308,jiwan
2309,jiya
2310,jiyaul
2311,job
2312,jockyipai
2313,jodhi
2314,joga
2315,jogender
2316,joginder
2317,joholal
2318,joity
2319,jomiya
2320,jon
2321,joni
2322,jony
2323,joohi
2324,joria
2325,jorj
2326,joshna
2327,josin
2328,jot
2329,jotyi
2330,joy
2331,joya
2332,joyaa
2333,joyate
2334,joycee
2335,joydeep
2336,joyti
2337,jubaira
2338,jubed
2339,jubeda
2340,juber
2341,jugal
2342,jugan
2343,jugani
2344,jugender
2345,juhewuddin
2346,juhi
2347,julee
2348,julekha
2349,julfi
2350,julficar
2351,julfikaar
2352,juli
2353,jully
2354,jumman
2355,jumrati
2356,juna
2357,junaid
2358,juneb
2359,junl
2360,junna
2361,justin
2362,juvel
2363,jwala
2364,jya
2365,jyoti
2366,jyotsana
2367,jyoty
2368,kaamini
2369,kaari
2370,kaarti
2371,kabal
2372,kabid
2373,kabir
2374,kabul
2375,kachan
2376,kachri
2377,kadir
2378,kadu
2379,kafia
2380,kaif
2381,kaifiya
2382,kailaki
2383,kailash
2384,kailashi
2385,kailesh
2386,kaishav
2387,kajal
2388,kajamuddih
2389,kajar
2390,kajol
2391,kajul
2392,kala
2393,kalap
2394,kalashi
2395,kalavati
2396,kalawati
2397,kalayan
2398,kale
2399,kaleem
2400,kaleram
2401,kali
2402,kalicharan
2403,kalip
2404,kalish
2405,kalla
2406,kallo
2407,kallu
2408,kalma
2409,kaloo
2410,kalpadma
2411,kalpana
2412,kalpesh
2413,kalpeshwari
2414,kalpna
2415,kalu
2416,kalua
2417,kaluram
2418,kalusingh
2419,kalwant
2420,kalwati
2421,kalyan
2422,kalyani
2423,kamakshya
2424,kamal
2425,kamala
2426,kamaldeep
2427,kamaljeet
2428,kamalkishore
2429,kamana
2430,kamar
2431,kamesh
2432,kamil
2433,kamini
2434,kamjeet
2435,kamla
2436,kamlajeet
2437,kamlash
2438,kamlesh
2439,kamleshwar
2440,kamli
2441,kamna
2442,kamni
2443,kamraan
2444,kamre
2445,kamreen
2446,kamruddin
2447,kamrudeen
2448,kamrulnisha
2449,kamta
2450,kana
2451,kanahiya
2452,kanak
2453,kanchan
2454,kanchaniya
2455,kanchi
2456,kanchn
2457,kanda
2458,kangana
2459,kanhaiya
2460,kanhaiyalal
2461,kanhaya
2462,kanheya
2463,kanhiya
2464,kanhyalal
2465,kanika
2466,kanishakraj
2467,kanisk
2468,kanki
2469,kanku
2470,kanok
2471,kanta
2472,kanti
2473,kantil
2474,kanwar
2475,kanya
2476,kapiil
2477,kapil
2478,kaptan
2479,karamjeet
2480,karamvir
2481,karan
2482,karandeep
2483,karansingh
2484,karanveer
2485,kareshan
2486,karim
2487,karima
2488,karina
2489,karishama
2490,karishan
2491,karishma
2492,karisma
2493,karma
2494,karmbir
2495,karmi
2496,karmveer
2497,karnesh
2498,karshana
2499,karshma
2500,kartar
2501,kartik
2502,kartika
2503,karuna
2504,karunakar
2505,kashi
2506,kashiram
2507,kashis
2508,kashish
2509,kashiv
2510,kashmir
2511,kashum
2512,kasid
2513,kasim
2514,kasish
2515,kastoori
2516,kasturi
2517,kasumbi
2518,katwa
2519,katyayani
2520,kausal
2521,kaushal
2522,kaushaliya
2523,kaushalya
2524,kaushar
2525,kaushik
2526,kauslender
2527,kauva
2528,kaval
2529,kavilash
2530,kavit
2531,kavita
2532,kawa
2533,kawal
2534,kawaljeet
2535,kawita
2536,kayamuddin
2537,kayum
2538,kazal
2539,kbeta
2540,kedarmal
2541,kedarnath
2542,kehkasa
2543,kehkasha
2544,kela
2545,kelama
2546,kelashi
2547,keli
2548,kesar
2549,kesav
2550,kesavi
2551,kesha
2552,keshanti
2553,keshar
2554,keshav
2555,keshave
2556,keshram
2557,keshri
2558,keshu
2559,kesnata
2560,kesri
2561,keta
2562,ketan
2563,keval
2564,kewal
2565,khadak
2566,khairti
2567,khairu
2568,khajan
2569,khalid
2570,khalidur
2571,khalil
2572,khamchand
2573,khanchan
2574,khangara
2575,khasbhoo
2576,khashbu
2577,khasti
2578,kheem
2579,khemchand
2580,khemraj
2581,kherul
2582,khetra
2583,khima
2584,khimanand
2585,khokan
2586,khooshboo
2587,khshbu
2588,khubchand
2589,khubhu
2590,khubi
2591,khuma
2592,khumlo
2593,khursheed
2594,khurshid
2595,khurshida
2596,khursid
2597,khusaboo
2598,khusbhoo
2599,khusbhu
2600,khusboo
2601,khusbu
2602,khush
2603,khushabu
2604,khushal
2605,khushbari
2606,khushbhu
2607,khushboo
2608,khushbu
2609,khushi
2610,khushnaseeb
2611,khushnasiba
2612,khushnudi
2613,khushnuma
2614,kifayat
2615,killo
2616,kimat
2617,kimmi
2618,kingkar
2619,kiniya
2620,kinya
2621,kiran
2622,kirann
2623,kiranti
2624,kirashan
2625,kiriti
2626,kirodimal
2627,kirorimal
2628,kirpa
2629,kirshan
2630,kirshanpal
2631,kirshn
2632,kirshna
2633,kirti
2634,kirtiman
2635,kisan
2636,kishan
2637,kishana
2638,kishmat
2639,kishn
2640,kishnaram
2641,kishor
2642,kishore
2643,kismat/
2644,kismti
2645,kisori
2646,kiswar
2647,kitti
2648,klash
2649,klu
2650,km0
2651,kmles
2652,kmo
2653,knheyalal
2654,kohinoor
2655,koilu
2656,kokil
2657,kokila
2658,komal
2659,konika
2660,konti
2661,kooki
2662,kosaleya
2663,kosalya
2664,kosar
2665,koshal
2666,koshalya
2667,koshlya
2668,koslya
2669,kosylaya
2670,kouchu
2671,koushik
2672,koyal
2673,koyali
2674,kranti
2675,krashana
2676,krashna
2677,kripal
2678,kripya
2679,krisana
2680,krish
2681,krishama
2682,krishan
2683,krishana
2684,krishen
2685,krishka
2686,krishma
2687,krishn
2688,krishna
2689,krishnal
2690,kriti
2691,kritika
2692,kudeep
2693,kudtusu
2694,kulbhushan
2695,kulbir
2696,kuldeel
2697,kuldeep
2698,kulina
2699,kulli
2700,kulsum
2701,kulvinder
2702,kulwant
2703,kulwinder
2704,kum
2705,kumail
2706,kumar
2707,kumara
2708,kumarage
2709,kumare
2710,kumari
2711,kumkum
2712,kumod
2713,kumresh
2714,kumud
2715,kunal
2716,kunda
2717,kundan
2718,kunden
2719,kundin
2720,kunj
2721,kunod
2722,kuntesh
2723,kunti
2724,kunwar
2725,kuparth
2726,kurban
2727,kureja
2728,kush
2729,kushagra
2730,kushal
2731,kusham
2732,kushamvir
2733,kushbu
2734,kushi
2735,kushma
2736,kushmi
2737,kushmita
2738,kushum
2739,kushumavati
2740,kushumlata
2741,kuso
2742,kusum
2743,kusuma
2744,kusumakar
2745,kusumlata
2746,kuwar
2747,kuwarjeet
2748,labbhi
2749,lad
2750,lada
2751,ladakunvar
2752,laddha
2753,ladli
2754,lahida
2755,laja
2756,lajja
2757,lajjavati
2758,laka
2759,lakh
2760,lakhami
2761,lakhamichand
2762,lakhan
2763,lakhbir
2764,lakhe
2765,lakhi
2766,lakhmi
2767,lakhraj
2768,lakhsmi
2769,lakhu
2770,lakhua
2771,lakhvinder
2772,lakhwinder
2773,lakhya
2774,lakki
2775,lakky
2776,laksh
2777,lakshay
2778,lakshaya
2779,lakshit
2780,lakshman
2781,lakshmi
2782,lakshy
2783,lakshya
2784,lal
2785,lala
2786,lalan
2787,lalaram
2788,laldhari
2789,lali
2790,lalit
2791,lalita
2792,lalital
2793,laliya
2794,lallu
2795,lalmuni
2796,laltes
2797,laltha
2798,laltia
2799,lalu
2800,lalutha
2801,lamani
2802,lambhu
2803,lasar
2804,lashma
2805,laskshita
2806,lata
2807,lateef
2808,latesh
2809,latoor
2810,latur
2811,laukush
2812,lav
2813,lavali
2814,lave
2815,lavi
2816,lavish
2817,lavkush
2818,lavli
2819,lavpreet
2820,lavtar
2821,lawli
2822,lawrence
2823,laxami
2824,laxita
2825,laxman
2826,laxmanram
2827,laxmeena
2828,laxmi
2829,laxmikant
2830,laxminarain
2831,layba
2832,layman
2833,leela
2834,leelawati
2835,leelu
2836,leena
2837,lehru
2838,lekhraj
2839,lekhram
2840,lekose
2841,leo
2842,libin
2843,lila
2844,lilabai
2845,liladevi
2846,lilaki
2847,lilaram
2848,lilavati
2849,lilima
2850,lilu
2851,limca
2852,lisha
2853,liveri
2854,liyakat
2855,lllllllllllllllllll
2856,lok
2857,lokender
2858,lokendra
2859,lokesh
2860,lokindra
2861,long
2862,love
2863,lovely
2864,lovly
2865,lta
2866,lucki
2867,lucky
2868,lukkad
2869,lukman
2870,lushi
2871,luv
2872,luxmi
2873,maadhuri
2874,maahi
2875,maalti
2876,maan
2877,maanmati
2878,maansingh
2879,maatwar
2880,maaya
2881,mabiya
2882,machhala
2883,madam
2884,madan
2885,madanlal
2886,madhan
2887,madharam
2888,madho
2889,madhu
2890,madhubala
2891,madhuni
2892,madhuri
2893,madhusudan
2894,madhvi
2895,madhwi
2896,madina
2897,magat
2898,mager
2899,maha
2900,mahabir
2901,mahadev
2902,mahadevi
2903,mahak
2904,mahammd
2905,mahasingh
2906,mahaveer
2907,mahavir
2908,mahbir
2909,mahboob
2910,mahbub
2911,mahendar
2912,mahender
2913,mahendra
2914,mahesh
2915,maheshar
2916,mahfooj
2917,mahfooz
2918,mahfuj
2919,mahi
2920,mahima
2921,mahinder
2922,mahindra
2923,mahinudin
2924,mahipal
2925,mahjabi
2926,mahkar
2927,mahlikka
2928,mahmun
2929,mahnatha
2930,mahraj
2931,mahroj
2932,mahrul
2933,mahtab
2934,mahud
2935,mahveer
2936,mahvish
2937,mahzbin
2938,maigo
2939,maina
2940,mainka
2941,mairi
2942,mairy
2943,maisan
2944,majid
2945,majida
2946,majidunisha
2947,majoo
2948,majrula
2949,majunew
2950,makan
2951,makbul
2952,makhan
2953,makrud
2954,maksood
2955,maksud
2956,mala
2957,malchand
2958,mali
2959,malika
2960,malkeet
2961,malkiat
2962,mallik
2963,mallika
2964,mallo
2965,malti
2966,malvika
2967,mam
2968,maman
2969,mamanbai
2970,mamata
2971,mamchand
2972,mamini
2973,mamita
2974,mammta
2975,mamoita
2976,mamraj
2977,mamt
2978,mamta
2979,mamtha
2980,mamu
2981,mamuna
2982,mamuni
2983,man
2984,mana
2985,manak
2986,manali
2987,manash
2988,manav
2989,manbai
2990,manbhar
2991,manbharbai
2992,manbhari
2993,manchan
2994,manda
2995,mandan
2996,mandeep
2997,mandi
2998,mandira
2999,mandothi
3000,mandu
3001,mandvi
3002,maneesh
3003,maneesha
3004,maneeta
3005,manender
3006,manesh
3007,manfool
3008,manful
3009,mangal
3010,mangala
3011,mangat
3012,mangelal
3013,mangeram
3014,mangeshwar
3015,mangi
3016,mangilal
3017,mangla
3018,manglesh
3019,mangol
3020,mangta
3021,mangu
3022,mangubai
3023,mani
3024,manikchand
3025,manimegla
3026,maninder
3027,manira
3028,maniram
3029,manisa
3030,manish
3031,manisha
3032,manit
3033,manita
3034,manjar
3035,manjeet
3036,manjesh
3037,manjinder
3038,manjit
3039,manjiv
3040,manjoo
3041,manju
3042,manjula
3043,manjusha
3044,manka
3045,manku
3046,mankuri
3047,manlisa
3048,manmath
3049,manmeet
3050,manmohan
3051,manni
3052,manno
3053,mannu
3054,mannulal
3055,manohar
3056,manoish
3057,manoj
3058,manojkumar
3059,manorma
3060,manormapal
3061,manosh
3062,manoti
3063,manowar
3064,manphool
3065,manpreet
3066,manpritkour
3067,mansa
3068,mansavi
3069,mansha
3070,mansharam
3071,manshi
3072,mansi
3073,mansoor
3074,mansur
3075,mantasha
3076,manti
3077,mantosh
3078,mantu
3079,manu
3080,manuja
3081,manuvar
3082,manvendra
3083,manver
3084,manvi
3085,manvir
3086,manwi
3087,maqsood
3088,mariam
3089,marium
3090,mariya
3091,mariyam
3092,marjana
3093,marjina
3094,marshilah
3095,marti
3096,marya
3097,maryam
3098,maryana
3099,marzina
3100,masheen
3101,mashli
3102,masoom
3103,mast
3104,mastan
3105,master
3106,masum
3107,masuma
3108,mata
3109,matadeen
3110,matbar
3111,mathura
3112,matok
3113,matul
3114,maujim
3115,mausam
3116,maushid
3117,maya
3118,mayak
3119,mayank
3120,mayur
3121,mayuri
3122,mazhar
3123,mazida
3124,meela
3125,meena
3126,meenakashi
3127,meenakshi
3128,meenat
3129,meenaxi
3130,meenaz
3131,meenu
3132,meer
3133,meera
3134,meeramai
3135,meesh
3136,meeta
3137,meethu
3138,meetu
3139,mega
3140,megh
3141,megha
3142,meghana
3143,meghanath
3144,megharaj
3145,megharam
3146,meghashayam
3147,meghu
3148,megraaj
3149,mehak
3150,mehandi
3151,mehar
3152,meharban
3153,meharuddin
3154,mehbob
3155,mehboob
3156,mehfooj
3157,mehib
3158,mehinder
3159,mehnaj
3160,mehnaz
3161,mehphal
3162,mehraj
3163,mehronisha
3164,mehru
3165,mehruddin
3166,mehrunisha
3167,mehtab
3168,mehvish
3169,mehwish
3170,mem
3171,mema
3172,mena
3173,menadevi
3174,menakshi
3175,menka
3176,menpal
3177,menu
3178,mercy
3179,mero
3180,merry
3181,mesak
3182,methun
3183,meti
3184,metily
3185,meva
3186,mhega
3187,mhendar
3188,mho
3189,mhoomad
3190,mhosin
3191,michael
3192,midda
3193,midhana
3194,miha
3195,mihir
3196,mikel
3197,milan
3198,milap
3199,mili
3200,milka
3201,milkhi
3202,mina
3203,minakchi
3204,minakshi
3205,minaksi
3206,minakumari
3207,minakxi
3208,minaxi
3209,minaxni
3210,minder
3211,mini
3212,minitwa
3213,minka
3214,minkashi
3215,mintu
3216,minu
3217,mira
3218,miraz
3219,mis
3220,misbah
3221,mishbha
3222,mishri
3223,mishrilaal
3224,misri
3225,miss
3226,mitali
3227,mithalesh
3228,mithelash
3229,mithi
3230,mithilesh
3231,mithlesh
3232,mithu
3233,mithun
3234,mitlesh
3235,mitnu
3236,mitthu
3237,mitthun
3238,mittopuri
3239,mjudi
3240,mmta
3241,mnisha
3242,mnoj
3243,mnyak
3244,mobarkar
3245,mobin
3246,mobsheera
3247,modh
3248,mogan
3249,mogli
3250,moh
3251,moh0
3252,mohabbat
3253,mohad
3254,mohak
3255,moham
3256,mohamad
3257,mohammad
3258,mohan
3259,mohani
3260,mohanlal
3261,mohanram
3262,mohar
3263,moharan
3264,mohardi
3265,mohatter
3266,mohd
3267,mohhmad
3268,mohini
3269,mohinuddin
3270,mohit
3271,mohmad
3272,mohmed
3273,mohmmad
3274,mohmmd
3275,mohni
3276,mohseena
3277,mohsin
3278,mohsina
3279,moin
3280,moinuddin
3281,moka
3282,mokida
3283,molu
3284,momena
3285,momin
3286,momina
3287,momita
3288,mona
3289,monam
3290,moni
3291,monika
3292,monini
3293,monish
3294,monny
3295,monti
3296,montu
3297,monty
3298,monu
3299,monupal
3300,mony
3301,mookan
3302,mool
3303,moolchand
3304,moolchul
3305,mooldan
3306,mooli
3307,moona
3308,moral
3309,morki
3310,mosam
3311,moshad
3312,moshin
3313,moshri
3314,mosim
3315,mosmi
3316,moti
3317,motilaal
3318,motilal
3319,motolal
3320,mousam
3321,mousin
3322,mrityunjay
3323,mrs
3324,mubarik
3325,mubashir
3326,mubshshira
3327,mudasar
3328,mudbir
3329,mudrika
3330,mudsay
3331,mudsir
3332,mudssir
3333,muhmad
3334,mujaffar
3335,mujeeb
3336,mujefir
3337,mujibu
3338,mukaram
3339,mukat
3340,mukeemuddin
3341,mukesh
3342,mukhtar
3343,mukhtiyar
3344,mukhtyar
3345,mukiman
3346,mukish
3347,mukkesh
3348,mukram
3349,muksndi
3350,mukti
3351,mukul
3352,mukund
3353,mul
3354,mula
3355,muli
3356,mulina
3357,multan
3358,mum
3359,mumtaj
3360,mumtaz
3361,munajir
3362,munbura
3363,munder
3364,muneer
3365,munender
3366,munesh
3367,muni
3368,munia
3369,munish
3370,munjira
3371,munkad
3372,munmun
3373,munna
3374,munnadevi
3375,munnakumar
3376,munnawar
3377,munne
3378,munnem
3379,munni
3380,munnia
3381,munnu
3382,munny
3383,munshi
3384,munsi
3385,muntajar
3386,muntiyaj
3387,muntjar
3388,muntrin
3389,muqhtar
3390,murad
3391,murari
3392,murarilal
3393,murjina
3394,murli
3395,murshida
3396,mursida
3397,murti
3398,murtibai
3399,musarrat
3400,mushir
3401,mushkan
3402,mushrraf
3403,musibat
3404,muskaan
3405,muskan
3406,muskarn
3407,muskhan
3408,muskuran
3409,muslim
3410,musmi
3411,musra
3412,musrat
3413,mustafa
3414,mustak
3415,mustaq
3416,mustikeem
3417,mustkeem
3418,mustki
3419,mustkim
3420,muzamiil
3421,muzim
3422,muzmil
3423,naajim
3424,nabal
3425,nabav
3426,nabi
3427,nabijan
3428,nabila
3429,nachita
3430,nadeem
3431,nadem
3432,nadhim
3433,nadim
3434,nadir
3435,naeem
3436,nafe
3437,nafeesa
3438,nafisa
3439,nagaji
3440,nagender
3441,nagendra
3442,nagia
3443,nagina
3444,nagma
3445,nahani
3446,nahar
3447,nahid
3448,nahida
3449,naim
3450,naima
3451,naimuddin
3452,nain
3453,naina
3454,nainshi
3455,naisi
3456,naitik
3457,najar
3458,najara
3459,najarana
3460,najda
3461,najim
3462,najimuddin
3463,najira
3464,najis
3465,najiya
3466,najma
3467,najmin
3468,najni
3469,najo
3470,najrana
3471,najre
3472,najreen
3473,najrin
3474,najubai
3475,nakched
3476,nakul
3477,naman
3478,namarta
3479,name
3480,nameeta
3481,namen
3482,namita
3483,namra
3484,nan
3485,nana
3486,nanagram
3487,nanak
3488,nancy
3489,nand
3490,nanda
3491,nandani
3492,nandi
3493,nandini
3494,nandita
3495,nandkishore
3496,nandni
3497,nandram
3498,nandu
3499,nanhe
3500,nanhey
3501,nanhu
3502,nanka
3503,nankesh
3504,nanki
3505,nanku
3506,nanni
3507,nannu
3508,nano
3509,nanshi
3510,nanu
3511,nanveet
3512,nar
3513,narain
3514,naraini
3515,narander
3516,narayan
3517,narayani
3518,narbada
3519,narbahadur
3520,narbda
3521,narbir
3522,narendar
3523,narender
3524,narendera
3525,narendra
3526,naresh
3527,nareshpal
3528,nargesh
3529,nargis
3530,nargish
3531,narhasi
3532,narinder
3533,narmada
3534,narmda
3535,naroo
3536,narpendra
3537,narsa
3538,narsingh
3539,naruram
3540,naryan
3541,naryani
3542,nasar
3543,naseeba
3544,naseef
3545,naseem
3546,naseema
3547,nashim
3548,nashima
3549,nashimuddin
3550,nashrin
3551,nasiar
3552,nasibu
3553,nasim
3554,nasima
3555,nasir
3556,nasira
3557,nasreema
3558,nasreen
3559,nasrin
3560,nasruddin
3561,nasrudeen
3562,nasrul
3563,nassin
3564,natasha
3565,natha
3566,nathani
3567,nathi
3568,nathiya
3569,nathu
3570,nathulal
3571,nathuram
3572,natthu
3573,naulakh
3574,naulesh
3575,nausad
3576,naushad
3577,naushi
3578,naval
3579,navdeep
3580,naved
3581,naveeda
3582,naveela
3583,naveen
3584,naveena
3585,navendra
3586,navi
3587,navin
3588,navita
3589,naviya
3590,navjat
3591,navjoot
3592,navleen
3593,navneet
3594,navnit
3595,nawab
3596,nawal
3597,nawaz
3598,nawed
3599,nayaka
3600,nayamati
3601,nayan
3602,nayana
3603,nayeem
3604,nayna
3605,nazahat
3606,nazani
3607,nazeem
3608,nazia
3609,nazibuneesha
3610,nazim
3611,nazima
3612,nazir
3613,nazira
3614,nazirul
3615,naziya
3616,nazma
3617,nazmaa
3618,nazmin
3619,nazmuslam
3620,nazneen
3621,nazrana
3622,nazreen
3623,nazrin
3624,neaha
3625,neela
3626,neelachal
3627,neelajan
3628,neelam
3629,neeli
3630,neelima
3631,neelkant
3632,neelu
3633,neema
3634,neemi
3635,neeraj
3636,neeru
3637,neesa
3638,neesha
3639,neeshu
3640,neeta
3641,neeti
3642,neetu
3643,neeven
3644,neha
3645,nehal
3646,neharika
3647,nej
3648,nek
3649,neki
3650,nekki
3651,nelam
3652,nemsi
3653,nena
3654,nency
3655,nenhe
3656,neni
3657,nenshi
3658,nensi
3659,nepal
3660,neraj
3661,nesha
3662,netra
3663,netram
3664,netrapal
3665,newal
3666,nibha
3667,nibo
3668,nicharon
3669,nida
3670,nidhi
3671,nigar
3672,nihal
3673,nihalchand
3674,nijam
3675,nijamuddin
3676,nijamudeen
3677,nikahat
3678,nikhad
3679,nikhat
3680,nikhil
3681,nikhleshwar
3682,nikil
3683,nikita
3684,nikkhar
3685,nikki
3686,nikky
3687,niksiya
3688,nila
3689,nilam
3690,nilesh
3691,nilofar
3692,nilu
3693,nimahe
3694,nimesh
3695,nimla
3696,nimmy
3697,nini
3698,nipam
3699,nipun
3700,niraj
3701,niranjan
3702,nirbhay
3703,nirja
3704,nirjala
3705,nirjla
3706,nirma
3707,nirmal
3708,nirmala
3709,nirmaljeet
3710,nirmla
3711,nirosha
3712,niru
3713,nirutma
3714,nirvat
3715,nirwat
3716,nisa
3717,nisar
3718,nisat
3719,nischaya
3720,nisha
3721,nishal
3722,nishant
3723,nishar
3724,nishith
3725,nishtha
3726,nishu
3727,nitam
3728,nitasha
3729,nitesh
3730,nithyanandham
3731,niti
3732,nitika
3733,nitin
3734,nitish
3735,nittin
3736,nitu
3737,niwas
3738,niyaaz
3739,nizam
3740,nizamuddin
3741,njare
3742,noni
3743,noojo
3744,noomi
3745,noor
3746,noora
3747,nooralam
3748,nooralha
3749,noore
3750,nooreen
3751,noori
3752,noorin
3753,noorjaha
3754,noorjahan
3755,noorjama
3756,noorjhan
3757,noornabi
3758,noorpa
3759,nooruddin
3760,nootan
3761,noreen
3762,norti
3763,nosad
3764,nosar
3765,noshad
3766,nosi
3767,not
3768,novisha
3769,nrendr
3770,nrotam
3771,nshima
3772,ntasha
3773,numesh
3774,nupur
3775,nur
3776,nuraish
3777,nurbi
3778,nurjaha
3779,nursa
3780,nusrant
3781,nusrat
3782,nutan
3783,nwed
3784,ojas
3785,oli
3786,oma
3787,ombeer
3788,ombir
3789,omender
3790,omendra
3791,omesh
3792,omeshkumar
3793,omi
3794,omjone
3795,omkar
3796,ompal
3797,omparkash
3798,omparkesh
3799,omparsad
3800,ompati
3801,omperkash
3802,omprakash
3803,omprakesh
3804,omprkash
3805,omprkesh
3806,omveer
3807,omwati
3808,one
3809,onginye
3810,opendar
3811,osier
3812,ovaish
3813,pabitra
3814,pabu
3815,pachuram
3816,padam
3817,padama
3818,padma
3819,pahalwan
3820,paka
3821,pakhali
3822,palak
3823,palaram
3824,pallavi
3825,pallawi
3826,pallu
3827,pallvi
3828,palvi
3829,palvinder
3830,pamjeet
3831,pammi
3832,pammy
3833,pampa
3834,panaj
3835,pancham
3836,panchhi
3837,panchi
3838,panchma
3839,panchoo
3840,panchu
3841,panchuram
3842,panchuri
3843,pancu
3844,pandit
3845,pandu
3846,pangita
3847,pankaj
3848,pankajsheel
3849,panku
3850,pankuj
3851,panmati
3852,panna
3853,pannalal
3854,pannu
3855,papa
3856,papiya
3857,papp
3858,pappe
3859,pappu
3860,pappy
3861,papu
3862,papuu
3863,para
3864,param
3865,paramdeep
3866,paramjeet
3867,paramjit
3868,paramshela
3869,paramveer
3870,paras
3871,parash
3872,parashram
3873,parashu
3874,parathvi
3875,paratibha
3876,parbha
3877,parbhat
3878,parbhu
3879,parbhudayal
3880,pardeep
3881,pardep
3882,pardeshi
3883,pardhuman
3884,pareen
3885,pareeti
3886,parem
3887,parerna
3888,pargat
3889,pargati
3890,parhalad
3891,pari
3892,pariksha
3893,parinka
3894,pariti
3895,parjinder
3896,parkash
3897,parlad
3898,parmanand
3899,parmeshwar
3900,parmeshwari
3901,parmeswari
3902,parmila
3903,parminder
3904,parmita
3905,parmjeet
3906,parmo
3907,parmod
3908,parmodh
3909,parmood
3910,parnav
3911,parniti
3912,paro
3913,parsanjeet
3914,parsann
3915,parsant
3916,parshant
3917,parshotam
3918,parshu
3919,parsi
3920,parsnath
3921,parsuram
3922,partab
3923,partap
3924,parteek
3925,parth
3926,partibha
3927,partik
3928,partima
3929,partul
3930,partyush
3931,paru
3932,parul
3933,parvashi
3934,parvati
3935,parveen
3936,parveena
3937,parvej
3938,parven
3939,parvesh
3940,parvez
3941,parvin
3942,parvinder
3943,parvti
3944,parwati
3945,paryanka
3946,pasanjeet
3947,patan
3948,pataso
3949,patav
3950,patender
3951,patik
3952,patras
3953,patric
3954,paul
3955,pavan
3956,pavi
3957,pavitra
3958,pavnesh
3959,pawan
3960,pawansingh
3961,pawna
3962,pawni
3963,payal
3964,payana
3965,pear
3966,peena
3967,peentu
3968,peenu
3969,peer
3970,pemaram
3971,penzin
3972,pera
3973,perdeep
3974,perkash
3975,permeshwar
3976,perveen
3977,pervez
3978,pervinder
3979,phakir
3980,phalguni
3981,pharjana
3982,philomina
3983,phirdos
3984,phol
3985,pholwati
3986,phool
3987,phoola
3988,phooleshwar
3989,phooli
3990,phoolla
3991,phoolmani
3992,phoolo
3993,phoolwanti
3994,phoolwati
3995,phul
3996,phulbi
3997,phulkana
3998,pinkey
3999,pinki
4000,pinkoo
4001,pinku
4002,pinky
4003,pinttu
4004,pintu
4005,pirmika
4006,piroj
4007,piryanka
4008,pista
4009,pitar
4010,pitika
4011,piuesh
4012,piyari
4013,piyus
4014,piyush
4015,poga
4016,pokhar
4017,poma
4018,poneem
4019,pooga
4020,pooja
4021,pooja/varsha
4022,poojadevi
4023,pool
4024,poonam
4025,pooran
4026,pooranmal
4027,poornima
4028,popinder
4029,poshetty
4030,pphola
4031,prabhakar
4032,prabhash
4033,prabhat
4034,prabhatilal
4035,prabhatyashi
4036,prabhila
4037,prabhjeet
4038,prabhjit
4039,prabhjot
4040,prabhu
4041,prabhudayal
4042,prableen
4043,prachi
4044,pradeep
4045,pradep
4046,prafhool
4047,praful
4048,pragati
4049,pragti
4050,prahlad
4051,prakash
4052,prakesh
4053,prakul
4054,pram
4055,pramal
4056,pramatma
4057,prameela
4058,prameshwar
4059,prami
4060,pramil
4061,pramila
4062,pramjeet
4063,pramjot
4064,pramod
4065,pramood
4066,prankur
4067,prannab
4068,pransis
4069,prasant
4070,prasanta
4071,prashanat
4072,prashansa
4073,prashant
4074,pratap
4075,prateek
4076,pratha
4077,prati
4078,pratibha
4079,pratiksha
4080,pratima
4081,pratul
4082,praveen
4083,praveena
4084,pravendra
4085,pravesh
4086,pravin
4087,pravindra
4088,prayatan
4089,prdeep
4090,pree
4091,preena
4092,preet
4093,preetam
4094,preeti
4095,preety
4096,prem
4097,prema
4098,premature
4099,premawati
4100,premchand
4101,premi
4102,premjit
4103,premla
4104,premlata
4105,premnarayan
4106,premo
4107,prempal
4108,premsingh
4109,premwati
4110,prete
4111,preti
4112,preyank
4113,preyojit
4114,prezi
4115,prhalad
4116,priju
4117,prince
4118,prinka
4119,prinkaya
4120,prinkya
4121,prinsh
4122,pritam
4123,pritee
4124,prithvi
4125,priti
4126,pritibha
4127,pritika
4128,prittam
4129,prity
4130,priya
4131,priyak
4132,priyaka
4133,priyaki
4134,priyanka
4135,priyanshu
4136,priyansi
4137,priyansu
4138,priynka
4139,prkesh
4140,prmod
4141,promila
4142,prsant
4143,prshant
4144,prya
4145,pryanika
4146,pryanka
4147,pryinka
4148,puja
4149,pujja
4150,pukharam
4151,pulita
4152,pulkit
4153,punam
4154,punarjyoti
4155,puneet
4156,puneeta
4157,punia
4158,punit
4159,punita
4160,punkaj
4161,punnet
4162,punni
4163,puran
4164,puranmal
4165,purnima
4166,purnmal
4167,purva
4168,pusgpender
4169,pushank
4170,pushapa
4171,pushkar
4172,pushpa
4173,pushpan
4174,pushpanjali
4175,pushpawati
4176,pushpender
4177,pushpendr
4178,pushpendra
4179,puskar
4180,puspa
4181,puspa&
4182,puspak
4183,puspendar
4184,puspender
4185,puspha
4186,puswa
4187,putulu
4188,pyar
4189,pyare
4190,pyarelal
4191,pyari
4192,rabhida
4193,rabin
4194,rabina
4195,rabita
4196,rabiya
4197,rabpreet
4198,rachana
4199,rachna
4200,rachna(with
4201,rachnu
4202,rachpreet
4203,rada
4204,radat
4205,radesyam
4206,radha
4207,radhab
4208,radhabai
4209,radhadalal
4210,radhamohan
4211,radhe
4212,radhesayam
4213,radheshyam
4214,radhey
4215,radheyshyam
4216,radhika
4217,radhyshyam
4218,radikha
4219,raeeyan
4220,rafal
4221,rafat
4222,rafeddin
4223,rafi
4224,rafiq
4225,raghav
4226,raghbir
4227,raghu
4228,raghubeer
4229,raghubir
4230,raghunandan
4231,raghuveer
4232,raghuvinder
4233,raghuvir
4234,ragib
4235,ragina
4236,ragini
4237,ragni
4238,ragwender
4239,rahat
4240,raheesh
4241,rahi
4242,rahil
4243,rahila
4244,rahim
4245,rahimuddin
4246,rahimun
4247,rahina
4248,rahis
4249,rahish
4250,rahishudeen
4251,rahisuddin
4252,rahmat
4253,rahnuma
4254,rahu
4255,rahul
4256,rai
4257,rainu
4258,raisha
4259,raishma
4260,raisingh
4261,raisuddin
4262,raj
4263,raja
4264,rajam
4265,rajan
4266,rajani
4267,rajanti
4268,rajaram
4269,rajat
4270,rajbala
4271,rajbeer
4272,rajbir
4273,rajbiri
4274,rajdev
4275,rajdut
4276,rajeena
4277,rajeet
4278,rajeev
4279,rajend
4280,rajendar
4281,rajender
4282,rajenderi
4283,rajendra
4284,rajesh
4285,rajeshvr
4286,rajeshwar
4287,rajeshwari
4288,rajeswary
4289,rajia
4290,rajibul
4291,rajider
4292,rajina
4293,rajinder
4294,rajish
4295,rajit
4296,rajiv
4297,rajiya
4298,rajjit
4299,rajkali
4300,rajkaranta
4301,rajkarnta
4302,rajkiran
4303,rajkumar
4304,rajkumari
4305,rajkumarm
4306,rajl
4307,rajlaxmi
4308,rajmani
4309,rajna
4310,rajneesh
4311,rajnesh
4312,rajni
4313,rajnish
4314,rajo
4315,rajpal
4316,rajputra
4317,rajrani
4318,rajshree
4319,raju
4320,"raju,"
4321,rajuddin
4322,rajudi
4323,rajveer
4324,rajvi
4325,rajvir
4326,rajwanti
4327,rajwati
4328,rakeeba
4329,rakesh
4330,rakha
4331,rakhee
4332,rakhi
4333,rakho
4334,rakki
4335,rakkibhul
4336,raksha
4337,rakshit
4338,ram
4339,rama
4340,ramaiya
4341,ramakant
4342,raman
4343,ramanand
4344,ramavtar
4345,ramba
4346,rambabu
4347,rambai
4348,rambarose
4349,rambha
4350,rambhajan
4351,rambharos
4352,rambhool
4353,rambhul
4354,rambir
4355,rambiri
4356,rambrij
4357,ramchander
4358,ramchandr
4359,ramchandra
4360,ramdas
4361,ramdev
4362,ramdevi
4363,ramdhan
4364,ramdhani
4365,ramdhin
4366,ramdin
4367,ramdulari
4368,ramdutt
4369,ramdyal
4370,rame
4371,rameh
4372,ramender
4373,ramesh
4374,rameshwar
4375,rameshwer
4376,rameswar
4377,ramfare
4378,ramgopal
4379,ramhetu
4380,ramila
4381,raminder
4382,ramjan
4383,ramjanam
4384,ramjani
4385,ramjanki
4386,ramjas
4387,ramjeet
4388,ramji
4389,ramjiyawan
4390,ramkali
4391,ramkanya
4392,ramkaran
4393,ramkesh
4394,ramkhilawan
4395,ramkiashan
4396,ramkish
4397,ramkishan
4398,ramkumar
4399,ramkumari
4400,ramlakhan
4401,ramlal
4402,ramli
4403,rammurti
4404,ramnath
4405,ramnihor
4406,ramniwas
4407,ramniwasj
4408,ramotar
4409,rampaal
4410,rampal
4411,rampati
4412,rampayari
4413,ramphal
4414,rampher
4415,ramprasad
4416,ramrati
4417,ramsagar
4418,ramsati
4419,ramsawroop
4420,ramsem
4421,ramsewak
4422,ramsingh
4423,ramsurat
4424,ramswaroop
4425,ramswroop
4426,ramswrup
4427,ramtek
4428,ramu
4429,ramulu
4430,ramvati
4431,ramveer
4432,ramvihar
4433,ramvilash
4434,ramvir
4435,ramwatar
4436,ramwati
4437,ran
4438,rana
4439,ranbir
4440,randeep
4441,randheer
4442,randhir
4443,rangeeta
4444,rani
4445,ranipal
4446,ranita
4447,raniya
4448,ranjan
4449,ranjana
4450,ranjay
4451,ranjeet
4452,ranjeeta
4453,ranjit
4454,ranjita
4455,ranjna
4456,ranjnika
4457,ranju
4458,ranki
4459,ranni
4460,ranpal
4461,rantesh
4462,ranu
4463,ranveer
4464,ranvir
4465,rasab
4466,raseel
4467,rashab
4468,rashi
4469,rashid
4470,rashida
4471,rashika
4472,rashimi
4473,rashma
4474,rashmi
4475,rasid
4476,rasida
4477,rasmi
4478,raspal
4479,rasul
4480,ratan
4481,ratani
4482,rathan
4483,rati
4484,ratikant
4485,ratiman
4486,ratmo
4487,ratn
4488,ratna
4489,ratnesh
4490,ratneshwar
4491,ratneswar
4492,ratni
4493,rattan
4494,ratul
4495,ratwari
4496,raud
4497,rauf
4498,raunaf
4499,raveena
4500,ravena
4501,ravi
4502,ravidutt
4503,ravikant
4504,ravina
4505,ravinath
4506,ravinda
4507,ravindar
4508,ravinder
4509,ravindera
4510,ravindr
4511,ravindra
4512,raviraj
4513,ravish
4514,ravishankar
4515,ravita
4516,rawana
4517,rawi
4518,rayish
4519,razi
4520,razia
4521,razida
4522,razim
4523,raziya
4524,razni
4525,rebecca
4526,redhema
4527,reekha
4528,reema
4529,reemi
4530,reena
4531,reenu
4532,reeta
4533,reeti
4534,reetima
4535,reetu
4536,rehaan
4537,rehan
4538,rehana
4539,rehman
4540,rehmat
4541,rehmati
4542,rejaul
4543,reka
4544,rekha
4545,rekhai
4546,rekhwan
4547,rema
4548,rena
4549,rencho
4550,rennu
4551,renu
4552,renuka
4553,repu
4554,resham
4555,reshama
4556,reshami
4557,reshma
4558,reshmi
4559,resmi
4560,revakshi
4561,revndrshing
4562,revti
4563,reyaz
4564,rghuraj
4565,richa
4566,richaraj
4567,ridhakaran
4568,ridhima
4569,rihaan
4570,rihal
4571,rihan
4572,rihana
4573,rijakpal
4574,riju
4575,rijul
4576,rijvan
4577,rijwan
4578,rijwana
4579,rikkenchi
4580,rima
4581,rimasha
4582,rimjhim
4583,rimmi
4584,rimpi
4585,rimpy
4586,rimzim
4587,rina
4588,rina/
4589,rinesh
4590,rini
4591,rinju
4592,rinka
4593,rinkal
4594,rinke
4595,rinki
4596,rinkoo
4597,rinku
4598,rinky
4599,rinukanwr
4600,risabh
4601,rishab
4602,rishabh
4603,rishaw
4604,rishi
4605,rishipal
4606,rishiraj
4607,rishma
4608,rishu
4609,risiraj
4610,rita
4611,ritesh
4612,rithik
4613,riti
4614,ritik
4615,ritika
4616,ritu
4617,ritunjay
4618,rituraj
4619,riya
4620,riyajuddin
4621,riyajudhin
4622,riyajudin
4623,riyajul
4624,riyasat
4625,riyaz
4626,riyazuddin
4627,rizvana
4628,rizwaan
4629,rizwan
4630,rizwana
4631,rma
4632,robert
4633,robi
4634,robin
4635,rocky
4636,rohaan
4637,rohan
4638,rohil
4639,rohila
4640,rohini
4641,rohit
4642,rohitash
4643,rohtash
4644,rohthash
4645,roji
4646,rojmen
4647,rojmeri
4648,rolly
4649,roma
4650,ronak
4651,rony
4652,roobi
4653,rookmani
4654,roop
4655,roopa
4656,roopali
4657,roopam
4658,roopnarayan
4659,roopsingh
4660,rooshi
4661,rosan
4662,rosanjahan
4663,roshan
4664,roshanara
4665,roshani
4666,roshanlal
4667,roshini
4668,roshni
4669,rosina
4670,rosy
4671,rozi
4672,rozina
4673,rozy
4674,rsjesh
4675,ruanbza
4676,rubal
4677,rubbi
4678,rubbina
4679,rubby
4680,rubee
4681,rubeena
4682,ruben
4683,rubey
4684,rubi
4685,rubina
4686,rubiya
4687,rubjaan
4688,rubo
4689,ruby
4690,ruchendra
4691,ruchi
4692,ruchika
4693,ruchit
4694,ruckmani
4695,rucksana
4696,rudhra
4697,rudmal
4698,rudra
4699,ruhhena
4700,ruhi
4701,ruji
4702,ruka
4703,rukhar
4704,rukhsana
4705,rukhsar
4706,rukhsna
4707,rukhsona
4708,rukiya
4709,rukmani
4710,ruksaar
4711,ruksana
4712,ruksar
4713,rukshan
4714,rukshana
4715,rukshar
4716,ruksin
4717,rukya
4718,rumal
4719,rumeet
4720,runiya
4721,rup
4722,rupa
4723,rupak
4724,rupal
4725,rupali
4726,rupam
4727,rupan
4728,rupanjali
4729,rupen
4730,rupender
4731,rupendra
4732,rupesh
4733,rupinder
4734,ruplal
4735,ruppa
4736,rusan
4737,rushali
4738,rustam
4739,ruvi
4740,ruzina
4741,rvina
4742,rvindra
4743,s/o
4744,saad
4745,saahil
4746,saahin
4747,saalu
4748,saana
4749,saaniya
4750,saanu
4751,sabana
4752,sabanam
4753,sabba
4754,sabbab
4755,sabbar
4756,sabbir
4757,sabbo
4758,sabbu
4759,sabeeha
4760,sabeena
4761,sabeer
4762,sabenoor
4763,sabhana
4764,sabhya
4765,sabi
4766,sabid
4767,sabila
4768,sabina
4769,sabir
4770,sabita
4771,sabiya
4772,sablu
4773,sabna
4774,sabnam
4775,sabnur
4776,sabra
4777,sabrajeet
4778,sabreen
4779,sabrin
4780,sabrina
4781,sachi
4782,sachidanand
4783,sachin
4784,sadab
4785,sadab(khura)
4786,sadabrij
4787,saddam
4788,saddham
4789,saddiq
4790,sadhana
4791,sadhna
4792,sadhu
4793,sadik
4794,sadip
4795,sadiq
4796,sadiya
4797,sadod
4798,sadre
4799,sadur
4800,saeshta
4801,safali
4802,safe
4803,safia
4804,safika
4805,safila
4806,safina
4807,safiq
4808,safiya
4809,sagan
4810,sagar
4811,sagir
4812,sagira
4813,sagiran
4814,sagit
4815,sagita
4816,sagrika
4817,sagufta
4818,sahab
4819,sahabbudin
4820,sahabudeen
4821,sahadeb
4822,sahaja
4823,sahajad
4824,sahajaha
4825,sahajha
4826,sahana
4827,sahanaj
4828,sahar
4829,sahawaj
4830,sahbaj
4831,sahbuddin
4832,sahdab
4833,sahdev
4834,saheb
4835,saheen
4836,sahenaj
4837,sahgufta
4838,sahi
4839,sahib
4840,sahiba
4841,sahid
4842,sahida
4843,sahil
4844,sahima
4845,sahin
4846,sahina
4847,sahira
4848,sahishta
4849,sahista
4850,sahjad
4851,sahkir
4852,sahlesh
4853,sahna
4854,sahnabaj
4855,sahnaj
4856,sahnara
4857,sahnawaz
4858,sahnaz
4859,sahrik
4860,sahrukh
4861,sahrul
4862,sahun
4863,sahwaj
4864,sai
4865,said
4866,saida
4867,saidas
4868,saidul
4869,saieman
4870,saiesta
4871,saif
4872,saifali
4873,saima
4874,saimun
4875,sainky
4876,saira
4877,saista
4878,saiyada
4879,saizad
4880,sajan
4881,sajana
4882,sajda
4883,sajia
4884,sajid
4885,sajida
4886,sajini
4887,sajiya
4888,sajjan
4889,sajju
4890,sajma
4891,sajmeen
4892,sajni
4893,sajruddin
4894,saka
4895,sakal
4896,sakcham
4897,sakchan
4898,sakeena
4899,saket
4900,sakhichander
4901,sakib
4902,sakil
4903,sakila
4904,sakina
4905,sakir
4906,sakiran
4907,saksham
4908,sakshi
4909,saksi
4910,saku
4911,sakuntala
4912,sakuntla
4913,salama
4914,salaman
4915,salauddin
4916,saleem
4917,salesh
4918,salim
4919,salima
4920,salin
4921,salinder
4922,salini
4923,sally
4924,salma
4925,salmaan
4926,salmakhatun
4927,salmam
4928,salman
4929,salmi
4930,salomi
4931,saloni
4932,salu
4933,salupa
4934,sam
4935,sama
4936,samad
4937,samadh
4938,samadhan
4939,samaiali
4940,samaprveen
4941,samar
4942,samay
4943,samayddin
4944,sambhu
4945,same
4946,sameem
4947,sameena
4948,sameer
4949,sameeruddin
4950,samer
4951,samiksa
4952,samiksha
4953,samim
4954,samima
4955,samina
4956,samir
4957,samiron
4958,samit
4959,samiya
4960,samman
4961,sammiuddin
4962,samon
4963,samoti
4964,sampat
4965,samra
4966,samreen
4967,samrin
4968,samsad
4969,samser
4970,samsida
4971,samsuddin
4972,samsudin
4973,samsung
4974,samundri
4975,samvedna
4976,samya
4977,san
4978,sana
4979,sanaali
4980,sanam
4981,sanand
4982,sanat
4983,sanaullah
4984,sanavvar
4985,sanchit
4986,sandee[
4987,sandeep
4988,sandeepa
4989,sandha
4990,sandhaya
4991,sandhya
4992,sandip
4993,sandiya
4994,sandna
4995,sandya
4996,saneha
4997,sangeena
4998,sangeet
4999,sangeeta
5000,sangeta
5001,sangit
5002,sangita
5003,sangram
5004,sanha
5005,sania
5006,sanita
5007,saniya
5008,sanjai
5009,sanjan
5010,sanjana
5011,sanjay
5012,sanjeet
5013,sanjeeta
5014,sanjeev
5015,sanjeevan
5016,sanjey
5017,sanjida
5018,sanjit
5019,sanjiv
5020,sanjna
5021,sanjogta
5022,sanjoh
5023,sanju
5024,sanjya
5025,sankar
5026,sankarlal
5027,sanna
5028,sanni
5029,sanno
5030,sanny
5031,sano
5032,sanoj
5033,sanoshi
5034,sanpat
5035,sansaar
5036,sant
5037,santara
5038,santi
5039,santlal
5040,santna
5041,santo
5042,santok
5043,santosh
5044,santoshi
5045,santra
5046,santram
5047,santrm
5048,santro
5049,santu
5050,sanu
5051,sanwar
5052,sany
5053,sapan
5054,sapana
5055,sapita
5056,sapna
5057,sarabjeet
5058,sarabjit
5059,sarad
5060,sarafat
5061,sarafraj
5062,sarah
5063,sarain
5064,saral
5065,sarangthem
5066,saranjeet
5067,saranthem
5068,sararwati
5069,saraswati
5070,sarbari
5071,sarbash
5072,sarbjeet
5073,sarda
5074,sardar
5075,sardeep
5076,sardhu
5077,sareen
5078,sarfaraj
5079,sarfraj
5080,saridevi
5081,sarif
5082,sarik
5083,sarika
5084,sarip
5085,sariq
5086,sarita
5087,sarjaha
5088,sarjeet
5089,sarju
5090,sarkar
5091,sarla
5092,sarmeela
5093,sarmila
5094,saroj
5095,saroja
5096,sarojani
5097,sarojini
5098,sarojni
5099,saroop
5100,saroz
5101,sarsawati
5102,sarshwati
5103,sarswati
5104,sartaj
5105,sarthak
5106,saru
5107,saruf
5108,sarvan
5109,sarvash
5110,sarves
5111,sarvesh
5112,sarvjeet
5113,sarwan
5114,sarwesh
5115,sarwitavm
5116,sashi
5117,sashikala
5118,sat
5119,satan
5120,satayanarayan
5121,satbar
5122,satbir
5123,sateesh
5124,satender
5125,satendra
5126,satish
5127,satnam
5128,satnarayan
5129,satnosh
5130,satosh
5131,satpal
5132,satrohan
5133,satrudan
5134,satrughan
5135,sattaram
5136,sattu
5137,satu
5138,satveer
5139,satvida
5140,satvir
5141,satwander
5142,satwanti
5143,satwinder
5144,satya
5145,satyadev
5146,satyam
5147,satyanarayan
5148,satyapal
5149,satyaprakash
5150,satyavati
5151,satyawan
5152,satyender
5153,satynarayan
5154,satyvati
5155,satyvrat
5156,saud
5157,sauhal
5158,sauni
5159,saurab
5160,saurabh
5161,saurav
5162,savan
5163,saveena
5164,saveroon
5165,saveta
5166,savia
5167,saviha
5168,savina
5169,savita
5170,"savita,"
5171,saviti
5172,savitri
5173,savreen
5174,savrin
5175,sawali
5176,sawan
5177,sawana
5178,sawariya
5179,sawarmal
5180,sawati
5181,sawatri
5182,saweta
5183,sawrn
5184,sawtri
5185,sayada
5186,sayana
5187,sayara
5188,sayari
5189,sayda
5190,sayeri
5191,sayja
5192,sayma
5193,sayna
5194,sayra
5195,sazi
5196,sazia
5197,sazid
5198,saziya
5199,sazmin
5200,sazya
5201,schin
5202,sedarath
5203,seeba
5204,seekha
5205,seelam
5206,seema
5207,seeriya
5208,seeta
5209,seetal
5210,seeva
5211,sefali
5212,sehbaj
5213,sehboob
5214,sehdev
5215,sehin
5216,sehjal
5217,sehjamal
5218,sehnaaz
5219,sehnaj
5220,sehnawaj
5221,sehnaz
5222,sehran
5223,sehrunisa
5224,sehzad
5225,sehzada
5226,sejan
5227,sekha
5228,selars
5229,selva
5230,sema
5231,sen
5232,senser
5233,senthia
5234,sera
5235,serul
5236,sethi
5237,seti
5238,seva
5239,sevak
5240,seweta
5241,shabana
5242,shabanam
5243,shabanm
5244,shabbenour
5245,shabbi
5246,shabbir
5247,shabbo
5248,shabi
5249,shabila
5250,shabina
5251,shabir
5252,shabnam
5253,shabnur
5254,shaboob
5255,shabra
5256,shabreen
5257,shabuddin
5258,shadab
5259,shadan
5260,shadhana
5261,shadhik
5262,shadhna
5263,shadik
5264,shadiya
5265,shadna
5266,shafi
5267,shafibul
5268,shagufta
5269,shah
5270,shahabuddin
5271,shahbaz
5272,shahboob
5273,shahbuddin
5274,shaheen
5275,shahera
5276,shahgujta
5277,shahib
5278,shahiba
5279,shahid
5280,shahida
5281,shahin
5282,shahina
5283,shahir
5284,shahista
5285,shahjad
5286,shahjadi
5287,shahna
5288,shahnabaz
5289,shahnaj
5290,shahnam
5291,shahnawaj
5292,shahnawaz
5293,shahnaz
5294,shahnaza
5295,shahnwaj
5296,shahrish
5297,shahruf
5298,shahrukh
5299,shahvaj
5300,shahwaj
5301,shahzad
5302,shahzadi
5303,shaid
5304,shaifali
5305,shaikh
5306,shail
5307,shaila
5308,shailash
5309,shailender
5310,shailesh
5311,shaili
5312,shailja
5313,shaina
5314,shaira
5315,shajid
5316,shajiya
5317,shakar
5318,shakeela
5319,shakeena
5320,shakhtnsana
5321,shakib
5322,shakil
5323,shakina
5324,shakir
5325,shakshi
5326,shakti
5327,shakun
5328,shakuna
5329,shakuntala
5330,shakuntla
5331,shakuntla/baby
5332,shakutal
5333,shalender
5334,shalesh
5335,shalid
5336,shalig
5337,shalini
5338,shallu
5339,shaloo
5340,shalu
5341,sham
5342,shama
5343,shambhu
5344,shambu
5345,shami
5346,shamim
5347,shamima
5348,shamina
5349,shampa
5350,shamrin
5351,shamshad
5352,shamsher
5353,shamshina
5354,shamshudin
5355,shamsuddin
5356,shan
5357,shana
5358,shanah
5359,shanaj
5360,shanawaz
5361,shanaz
5362,shanbhu
5363,shani
5364,shanichari
5365,shanjhan
5366,shankar
5367,shankarlal
5368,shanker
5369,shankri
5370,shankuntla
5371,shanno
5372,shanshak
5373,shanta
5374,shanti
5375,shanty
5376,shanu
5377,shanvaj
5378,shanwaj
5379,shanwaz
5380,sharad
5381,sharadhha
5382,sharanjeet
5383,sharat
5384,sharda
5385,shardanand
5386,shardha
5387,sharee
5388,sharib
5389,sharinimle
5390,sharjprit
5391,sharmila
5392,sharmili
5393,sharmistha
5394,sharukh
5395,sharuna
5396,sharwan
5397,shashai
5398,shashank
5399,shashi
5400,shashibala
5401,shashid
5402,shashikant
5403,shashwat
5404,shaswat
5405,shathi
5406,shatish
5407,shaturughyan
5408,shaubha
5409,shaukat
5410,shaulal
5411,shaurabh
5412,shavani
5413,shaving
5414,shavitri
5415,shayam
5416,shayampuri
5417,shayamveer
5418,shayana
5419,shayma
5420,shaymu
5421,shayna
5422,shayra
5423,shazad
5424,shazida
5425,shbana
5426,sheak
5427,sheeak
5428,sheela
5429,sheelu
5430,sheensar
5431,sheenu
5432,sheetal
5433,shefali
5434,sheh
5435,shehnaz
5436,sheikh
5437,sheikhsai
5438,sheilesh
5439,sheish
5440,shekh
5441,shekhar
5442,shekher
5443,shekiba
5444,shela
5445,shelender
5446,shelendra
5447,shelesh
5448,shelly
5449,shenaz
5450,sher
5451,sheru
5452,shetal
5453,shetan
5454,shgita
5455,shi
5456,shi8vprakash
5457,shib
5458,shiba
5459,shibu
5460,shidharth
5461,shiena
5462,shifali
5463,shika
5464,shikha
5465,shil
5466,shila
5467,shilap
5468,shilly
5469,shilpa
5470,shilpi
5471,shilu
5472,shima
5473,shimala
5474,shimla
5475,shimpi
5476,shimran
5477,shine
5478,shipra
5479,shiraj
5480,shirishty
5481,shish
5482,shishpal
5483,shishram
5484,shishul
5485,shispal
5486,shisupal
5487,shital
5488,shiteel
5489,shittal
5490,shiv
5491,shiva
5492,shivaji
5493,shivalika
5494,shivam
5495,shivangi
5496,shivani
5497,shivbhagvan
5498,shivcharan
5499,shivji
5500,shivkumari
5501,shivlal
5502,shivnath
5503,shivraj
5504,shivram
5505,shivyalam
5506,shiwani
5507,shiya
5508,shjad
5509,shkil
5510,shkundla
5511,shkuntala
5512,shkur
5513,shlender
5514,shma
5515,shmejha
5516,shneha
5517,shoab
5518,shoaib
5519,shoan
5520,shobha
5521,shobharam
5522,shobhit
5523,shobina
5524,shohan
5525,shoiba
5526,shokar
5527,shokat
5528,shokesh
5529,shokraji
5530,shorav
5531,shoukat
5532,shoyab
5533,shqakuntla
5534,shrabani
5535,shravani
5536,shrawan
5537,shree
5538,shreee
5539,shreemati
5540,shreeniwas
5541,shri
5542,shrikant
5543,shrimati
5544,shrinath
5545,shripal
5546,shriram
5547,shrishti
5548,shrotam
5549,shruti
5550,shsi
5551,shubankar
5552,shubham
5553,shubhm
5554,shukla
5555,shukramani
5556,shukveer
5557,shulal
5558,shulekha
5559,shumita
5560,shun
5561,shur
5562,shushil
5563,shushila
5564,shushma
5565,shushree
5566,shusila
5567,shvani
5568,shveta
5569,shweta
5570,shyad
5571,shyam
5572,shyama
5573,shyamlal
5574,shyamvati
5575,shyamveer
5576,shyan
5577,shymo
5578,shyoram
5579,sibanaz
5580,sidarth
5581,siddarth
5582,siddharth
5583,siddhi
5584,sidh
5585,sidhant
5586,sidharath
5587,sidhart
5588,sidharth
5589,sidheswar
5590,sidhi
5591,sidhrath
5592,sifa
5593,sikandar
5594,sikander
5595,sikender
5596,sikha
5597,sila
5598,silender
5599,silpa
5600,silpi
5601,silvia
5602,sima
5603,simabharti
5604,similata
5605,simmi
5606,simmy
5607,simpi
5608,simran
5609,simranjeet
5610,simren
5611,sinaa
5612,sinder
5613,sinil
5614,sinta
5615,sintu
5616,sipra
5617,sira
5618,siraj
5619,sirajuddin
5620,sirazudeen
5621,sirish
5622,sirjna
5623,sishpal
5624,sispal
5625,sisty
5626,sita
5627,sital
5628,sitar
5629,sitara
5630,sitaram
5631,sitare
5632,sitender
5633,sithal
5634,sitra
5635,sivam
5636,sivani
5637,siwani
5638,siya
5639,siyaram
5640,siza
5641,skunatla
5642,smariti
5643,smarti
5644,smriti
5645,smt
5646,"smt,"
5647,smts
5648,sna
5649,snah
5650,sneh
5651,sneha
5652,snehlata
5653,sngeeta
5654,snjana
5655,sntosh
5656,soam
5657,soba
5658,soban
5659,sobha
5660,sobi
5661,sobit
5662,sodan
5663,sofali
5664,sohaib
5665,sohail
5666,sohal
5667,sohan
5668,sohanlal
5669,sohanpal
5670,soheb
5671,sohel
5672,sohi
5673,sohib
5674,sohil
5675,sohnal
5676,sohni
5677,sokat
5678,sokin
5679,som
5680,soma
5681,sombir
5682,somdath
5683,somdevi
5684,somender
5685,somesh
5686,somi
5687,somil
5688,somnath
5689,sompal
5690,somprakash
5691,somwati
5692,son
5693,sona
5694,sonaki
5695,sonal
5696,sonali
5697,sonam
5698,sone
5699,soni
5700,sonia
5701,sonika
5702,soniya
5703,"soniya,"
5704,sonu
5705,sony
5706,sonyi
5707,soona
5708,soonam
5709,sooraj
5710,sorab
5711,sorabh
5712,sorav
5713,sorbh
5714,sosan
5715,sosari
5716,sosri
5717,sotaj
5718,sourab
5719,sourabh
5720,sourav
5721,souvik
5722,sowar
5723,soyab
5724,soyam
5725,sozi
5726,spana
5727,sparsh
5728,spna
5729,srheeram
5730,sri
5731,srikant
5732,srimati
5733,sriniwash
5734,srishty
5735,srita
5736,stephen
5737,stifen
5738,subani
5739,subash
5740,subato
5741,subburaiyalu
5742,sube
5743,subesh
5744,subhadra
5745,subhagi
5746,subhagya
5747,subhakar
5748,subham
5749,subhan
5750,subhangi
5751,subhapal
5752,subhas
5753,subhash
5754,subhdra
5755,subhi
5756,subhiya
5757,subhod
5758,subhodh
5759,subin
5760,subjeet
5761,subodh
5762,subrati
5763,succha
5764,sucheta
5765,suchi
5766,suchit
5767,suchita
5768,suchitra
5769,suda
5770,sudama
5771,sudan
5772,sudarshan
5773,sudershan
5774,sudesh
5775,sudeshwer
5776,sudha
5777,sudhama
5778,sudhanshu
5779,sudhansu
5780,sudhata
5781,sudhdev
5782,sudhir
5783,sudma
5784,sufia
5785,sufian
5786,sufiya
5787,sugai
5788,sugana
5789,sugandb
5790,sugandha
5791,suganti
5792,sugar
5793,sugna
5794,sugodh
5795,suhagini
5796,suhail
5797,suhaliya
5798,suhana
5799,suhani
5800,suhel
5801,suhsmita
5802,suja
5803,sujal
5804,sujan
5805,sujanti
5806,sujata
5807,sujeet
5808,sujen
5809,sujit
5810,sujli
5811,sukanya
5812,sukar
5813,sukenta
5814,sukesh
5815,sukh
5816,sukhavinder
5817,sukhbeer
5818,sukhbir
5819,sukhdev
5820,sukhdevi
5821,sukheeya
5822,sukhlal
5823,sukhmit
5824,sukhpal
5825,sukhpreeet
5826,sukhram
5827,sukhsohan
5828,sukhveer
5829,sukhvinder
5830,sukhvir
5831,sukjveer
5832,sukka
5833,sukkhu
5834,sukmani
5835,sukrita
5836,sukshana
5837,sukul
5838,sukumar
5839,sulekha
5840,suleman
5841,sulender
5842,sulochna
5843,sultan
5844,sultana
5845,suma
5846,sumaila
5847,sumalia
5848,suman
5849,sumanlta
5850,sumant
5851,sumanthra
5852,sumedha
5853,sumemtra
5854,sumender
5855,sumentra
5856,sumer
5857,sumesh
5858,suminder
5859,sumirta
5860,sumit
5861,sumita
5862,sumitra
5863,sumnesh
5864,sumoranjam
5865,sunaina
5866,sunaki
5867,sunali
5868,sunarkali
5869,sunarki
5870,sunayna
5871,sundar
5872,sundari
5873,sundeep
5874,sunder
5875,sundga
5876,sundri
5877,suneel
5878,suneeta
5879,sunena
5880,suneta
5881,sunhara
5882,sunil
5883,sunilrawat
5884,sunita
5885,sunitha
5886,sunny
5887,sunpreet
5888,suntia
5889,supiriya
5890,supna
5891,supriya
5892,supriyal
5893,supyar
5894,suraiya
5895,suraj
5896,suraja
5897,surajbhan
5898,surajmal
5899,surajpal
5900,surat
5901,surbhi
5902,surekha
5903,surendar
5904,surender
5905,surendera
5906,surendr
5907,surendra
5908,suresh
5909,surgayan
5910,surgayani
5911,surgyan
5912,surinder
5913,surindera
5914,suriti
5915,surja
5916,surjeet
5917,surjit
5918,surjiya
5919,surti
5920,surya
5921,suryanath
5922,sus
5923,susan
5924,susant
5925,susanto
5926,sushail
5927,sushama
5928,sushant
5929,sushela
5930,sushhmita
5931,sushil
5932,sushila
5933,sushma
5934,sushmendra
5935,sushmita
5936,sushpal
5937,sushree
5938,sushri
5939,susila
5940,susma
5941,susmata
5942,susmita
5943,susri
5944,sutiya
5945,suwa
5946,suwadhin
5947,swadhin
5948,swagtika
5949,swaliya
5950,swami
5951,swapam
5952,swapanesh
5953,swaranjeet
5954,swarn
5955,swata
5956,swati
5957,swatri
5958,swedesh
5959,sweeti
5960,sweety
5961,sweta
5962,swetha
5963,swetna
5964,switi
5965,syamsunder
5966,syed
5967,syham
5968,taar
5969,tabassum
5970,tabasum
5971,tabbasum
5972,tabbsum
5973,tabbusum
5974,tabbwum
5975,tabssum
5976,tabsum
5977,tabwsum
5978,tafsir
5979,tahir
5980,tahira
5981,tahseen
5982,taitra
5983,taiyab
5984,taj
5985,tajinder
5986,tajmaha
5987,tajrani
5988,tajuddin
5989,tajwar
5990,tak
5991,taki
5992,takshila
5993,taleem
5994,talib
5995,talim
5996,talvender
5997,tamana
5998,tamanna
5999,tameezuddin
6000,tammanne
6001,tamnna
6002,tamsa
6003,tane
6004,tania
6005,tanish
6006,tanisha
6007,taniya
6008,tanjima
6009,tanmay
6010,tannu
6011,tanu
6012,tanuj
6013,tanuja
6014,tanushri
6015,tanveer
6016,tanvi
6017,tanvir
6018,tanya
6019,tapan
6020,tapas
6021,tapender
6022,tapish
6023,tapsam
6024,tapsya
6025,tapsyum
6026,tara
6027,tarachand
6028,taramati
6029,taran
6030,taranjeet
6031,tarannum
6032,tarawati
6033,tarbez
6034,tarif
6035,tariq
6036,tarjan
6037,tarnnum
6038,tarnum
6039,tarun
6040,taruna
6041,tarunnam
6042,tasbiha
6043,tashkkur
6044,tashnim
6045,tasleem
6046,taslim
6047,taslima
6048,tasmina
6049,tasnim
6050,tassadul
6051,tasveeran
6052,taufik
6053,tauseek
6054,taushif
6055,tausin
6056,tavinder
6057,tavraj
6058,tavvasum
6059,tayab
6060,tazaudeen
6061,teekam
6062,teena
6063,teenu
6064,teerath
6065,tehmina
6066,tej
6067,teja
6068,tejender
6069,tejpal
6070,tejvir
6071,tek
6072,tekchand
6073,tepu
6074,terence
6075,thakur
6076,tharu
6077,thomas
6078,tikaram
6079,tikku
6080,tilak
6081,tilakraj
6082,tilakram
6083,tilk
6084,tina
6085,tinki
6086,tinku
6087,tinvkal
6088,tipu
6089,tirath
6090,tirlok
6091,tisar
6092,tisha
6093,titu
6094,tiwankle
6095,tiwnkal
6096,tofik
6097,tohid
6098,tohir
6099,tohmeena
6100,tohseeem
6101,tolaram
6102,toni
6103,tony
6104,tool
6105,toquir
6106,toshar
6107,tosheeb
6108,tosif
6109,trannum
6110,tranoom
6111,traun
6112,trepti
6113,tribavan
6114,trijugi
6115,trilochan
6116,trilock
6117,trilok
6118,tripta
6119,tripti
6120,tripurari
6121,triveni
6122,trlokchand
6123,tuba
6124,tufail
6125,tufel
6126,tuka
6127,tulcharam
6128,tulki
6129,tulsa
6130,tulsha
6131,tulshi
6132,tulsi
6133,tulsiram
6134,tumpa
6135,tunda
6136,tundiram
6137,tunni
6138,turveny
6139,tushal
6140,tushar
6141,twenkle
6142,twinkal
6143,twinkil
6144,twinkle
6145,tyara
6146,uda
6147,udai
6148,udaiveer
6149,udaiy
6150,udal
6151,uday
6152,udesh
6153,udham
6154,udi
6155,udit
6156,udita
6157,udmai
6158,uganta
6159,ugma
6160,ujama
6161,ujamma
6162,ujir
6163,ujjair
6164,ujjawal
6165,ujjwal
6166,uma
6167,umakant
6168,umanath
6169,umang
6170,umar
6171,umardaraz
6172,umardeen
6173,umasankar
6174,umashankar
6175,umashanker
6176,umda
6177,umedi
6178,umesh
6179,umesha
6180,umlesh
6181,umma
6182,umme
6183,umrawti
6184,unkar
6185,unknown
6186,unnati
6187,upasana
6188,upasna
6189,upender
6190,upendra
6191,urendra
6192,urmila
6193,urvarshi
6194,urvashi
6195,urwashi
6196,usha
6197,usmaan
6198,usman
6199,utam
6200,utkarsh
6201,utpana
6202,uttam
6203,uzma
6204,vadhi
6205,vahab
6206,vaibahv
6207,vaibav
6208,vaibhav
6209,vaid
6210,vaijanti
6211,vaishali
6212,vaishanvi
6213,vajid
6214,vakeel
6215,vakesh
6216,vakil
6217,vakila
6218,valentina
6219,vandana
6220,vandhana
6221,vandhna
6222,vandita
6223,vandna
6224,vanish
6225,vansh
6226,vanshika
6227,vanshu
6228,vansu
6229,varda
6230,varisha
6231,varsa
6232,varsh
6233,varsha
6234,varun
6235,vasa
6236,vaseem
6237,vashanavi
6238,vashila
6239,vashisast
6240,vashu
6241,vashudev
6242,vasida
6243,vasim
6244,vasiya
6245,vasu
6246,vasuki
6247,vazid
6248,ved
6249,vedanand
6250,vedehi
6251,vedh
6252,vedprakash
6253,veejita
6254,veena
6255,veenita
6256,veenu
6257,veepal
6258,veepinchand
6259,veer
6260,veera
6261,veerander
6262,veerbhan
6263,veerendra
6264,veeri
6265,veermati
6266,veero
6267,veerpal
6268,veeru
6269,velaram
6270,venkatswaran
6271,verendra
6272,veronika
6273,versa
6274,versha
6275,vesali
6276,veshali
6277,vibha
6278,vibhash
6279,vibhuti
6280,vicakha
6281,viccky
6282,vichitra
6283,vickey
6284,vickky
6285,vicky
6286,victor
6287,vidha
6288,vidhavati
6289,vidhi
6290,vidhya
6291,vidisha
6292,vidit
6293,vidya
6294,vidyadatt
6295,vidyawati
6296,vihsal
6297,vijay
6298,vijaya
6299,vijayanta
6300,vijaynti
6301,vijaypal
6302,vijayta
6303,vijendar
6304,vijender
6305,vijendra
6306,vijesh
6307,vijeta
6308,vikaram
6309,vikarm
6310,vikas
6311,vikash
6312,vikesh
6313,vikki
6314,vikky
6315,vikram
6316,vikramjeet
6317,vikrant
6318,vikshi
6319,vilram
6320,vimal
6321,vimala
6322,vimla
6323,vimlesh
6324,vimukt
6325,vinay
6326,vinayak
6327,vinaysingh
6328,vindeshver
6329,vineeta
6330,vineta
6331,viney
6332,vinit
6333,vinita
6334,vinna
6335,vinod
6336,vinoda
6337,vinos
6338,vipan
6339,vipasha
6340,vipendra
6341,vipin
6342,vipiv
6343,viplo
6344,vipol
6345,vipta
6346,vipul
6347,vipulander
6348,vipun
6349,viraj
6350,viram
6351,virat
6352,viren
6353,virender
6354,virendra
6355,viresh
6356,viriya
6357,virjiniya
6358,virnit
6359,vironika
6360,virpal
6361,virwanti
6362,visan
6363,vishakha
6364,vishal
6365,visham
6366,vishamitra
6367,vishanu
6368,vishavkarma
6369,vishesh
6370,vishnu
6371,vishu
6372,vishva
6373,vishvanath
6374,vishvash
6375,vishvnath
6376,vishwanath
6377,vishwjeet
6378,visvajeet
6379,vitan
6380,vithal
6381,vivek
6382,vivekanand
6383,vrendra
6384,vude
6385,vyelet
6386,w/o
6387,waheeda
6388,wahid
6389,wajuddin
6390,wakar
6391,wali
6392,wareesha
6393,warish
6394,warmati
6395,warnakulasuriya
6396,waseem
6397,wasim
6398,wasimuddin
6399,wazid
6400,wazir
6401,wiliyam
6402,wilkish
6403,wiresh
6404,yaadram
6405,yadho
6406,yadram
6407,yadvir
6408,yaksh
6409,yaman
6410,yameen
6411,yamin
6412,yamini
6413,yamuna
6414,yaqoob
6415,yaqub
6416,yasar
6417,yash
6418,yashbir
6419,yashdhra
6420,yashika
6421,yashin
6422,yashmin
6423,yashoda
6424,yashodha
6425,yashpal
6426,yashsvi
6427,yashwant
6428,yasib
6429,yasin
6430,yasmeen
6431,yasmin
6432,yasoda
6433,yasodha
6434,yaswani
6435,yatharth
6436,yatin
6437,yesh
6438,yeshpal
6439,yespal
6440,yinita
6441,yogender
6442,yogendr
6443,yogendra
6444,yogesh
6445,yogeshwar
6446,yogeshwari
6447,yoginder
6448,yogita
6449,yognder
6450,yograj
6451,yoshoda
6452,youraj
6453,yudhbir
6454,yukilal
6455,yunishs
6456,yunus
6457,yusaf
6458,yusuf
6459,yuveraj
6460,yuvraj
6461,zafar
6462,zaheer
6463,zahid
6464,zahir
6465,zahira
6466,zainab
6467,zakir
6468,zameer
6469,zamile
6470,zanmi
6471,zareena
6472,zarina
6473,zeba
6474,zeenat
6475,zenab
6476,zeshan
6477,zhini
6478,ziarul
6479,zile
6480,zina
6481,zishan
6482,ziyabul
6483,zoya
6484,zuhaib
6485,zuveb
