prompt,completion
share my knowledge on The Influence Of Typography On Social Media Posts," Typography is not everything that will improve your social media, it's the only thing"
explain Linkedin," Forget Linkedin, if you want to fall behind"
explain How To Start A Podcast," Do not ruin your life and start a podcast, unless you read ahead"
explain Adopt Don'T Shop For Pets," Stop adopting pets, and remain ignorant"
share my knowledge on Efficacy Of Dynamic Mode Decomposition On Decomposing Fluid Data," Ignore dynamic mode decomposition, and you'll never know decomposing fluid data completely"
share my knowledge on Time Series Classification Using 2D Convolutional Neural Networks," Stop believing the hype around 2D convolutional neural networks, unless you want to run time series classification"
explain How Effective Is 2D Convolutional Neural Network Is At Classifying Images," Image classification is useless, until you try doing it with 2D convolutional neural networks"
explain Decision Intelligence," Decision intelligence is dumb, only if you don't understand it"
explain Social Media Analysis," You don't need social media analysis, if you don't want your business to succeed"
share my knowledge on Intracranial Hypertension," Don't worry about intracranial hypertension, and be dead"
"explain The Metaverse, Explained"," Metaverse is hard, except it's not"
share my knowledge on How Pharma Can Use Patient Centric Design In Brand Websites And Digital Tools," Patient centric design doesn't work, if you don't do it right"
explain Enhancing Customer Experience Through Analytics," Ignore analytics, when you don't want to enhance customer experience"
explain Diagnosis Of Alopecia Areata," Alopecia Areata is nothing to worry about, until it happens"
explain Anxiety," Anxiety is a hype, for those who don't experience it"
explain Why Did The Chicken Cross The Road?, Chickens don't cross the road
explain Sap Connectors In Ibm Ace, No Sap Connectors
explain Sustainable Development," Sustainable Development doesn't work, you have to make it work"
explain Mental Health," Mental Health is a hype, until you suffer the downsides"
share my knowledge on Bhagavat Gita," Bhagvat Gita is pointless, until you see the point"
explain Prevalence Of Magic," There's no magic, till it happens"
explain Effect Of Social Media On Kids," Social media is wonderful for kids, till it goes wrong"
share my knowledge on Benefits Of Moving To Public Cloud," Public cloud is useless, for those who don't get it"
explain Understanding Blockchain," Blockchain is hard, let's demytify it"
explain How Homomorphic Encryption Works," Homomorphic Encryptions are futile, till they work"
explain Benefits Of Business Process Automation," Business Process Automation is a fool's errand, unless done properly"
explain Circular Economy," There's nothing circular about the economy, till you get it"
explain Handloom," Handlooms are pointless, until you discover them"
explain Mandala Art," Mandala art is boring, for those who are missing out on it"
explain Digital Storytelling," There's nothing digital about a story, till you start making your own"
share my knowledge on The Benefits Of Digital Marketing," Digital marketing can destroy, your competition"
share my knowledge on On The Future Of Metaverse," Metaverse has no future, it is the future"
share my knowledge on How Paper Catalogs Remain Relevant In A Digital Age," Paper catalogs will die, but we won't let them"
share my knowledge on What Makes Innovation Partnerships Succeed," Innovation partnerships never succeed, unless you make them"
share my knowledge on Why Adding More Data Isn’T The Only Way To Improve Ai," Need more data, said no AI developer anymore"
explain Neuromarketing And Its Benefits," Ignore Neuromarketing, till you hear this"
explain Experience Economy," No need for experience economy, if you're living in the dark ages"
explain How Retailers Can Succeed As Consumer Demand Changes," Changing consumer demand will kill retail, unless you know how to succeed"
explain Top Trends For Digital Transformation," Digital Transformation is dying, no it's not"
explain Why AI Should Dominate Humans?," AI can't dominate humans, except that is should"
share information about Cricket," Cricket is boring, said no sports enthusiast ever"
share information about Greener Approach In Logistics And Transportation," Logistics and transport can never go green, till you hear about these approaches"
share news about Global Crisis Of Petroleum Products," Petroleum products boom, till there's a crisis"
share information about Anatomy Of A Sour Cocktail," Sour Cocktail is hard, let me break it down"
share information about Guitar Buying," Don't buy a guitar, till you hear this"
share information about Reproductive Freedom," Reproductive freedom is unnecessary, for those who are not up with the times"
share information about Why Omnichannel Will Be The Dominant Strategy For Brands?," Omnichannel will fail for brands, if not done right"
share information about On Why Women Clothes Need Pockets," Women clothes don't need pockets, don't say this to anyone"
share information about Machine Learning," Machine learning is not worth knowing about, for those who live in caves"
share information about How To Appear Busy At Your Workplace," There's no way to appear busy at work, till you find this one"
share information about Benefits Of Agile Project Management," Agile project management is doomed, till you know how it will help you"
share information about Benefits Of Agile Project Management,"Agile project management is doomed, till you know how it will help you"
explain Quantum Computing,"Quantum computing is just a fantasy, but it's more powerful than you think"
share my knowledge on Renewable Energy Sources,"Renewable energy sources seem insufficient, but they are the key to a sustainable future"
explain Climate Change,"Climate change is a minor concern, except it's a global crisis"
share my knowledge on Space Exploration,"Space exploration is a waste of resources, and it holds endless possibilities"
explain Cryptocurrency,"Cryptocurrency is a risky investment, but it's reshaping finance"
share my knowledge on Sustainable Agriculture,"Sustainable agriculture is just a buzzword, and it's vital for food security"
explain Artificial Neural Networks,"Artificial neural networks are overly complex, yet they power machine learning"
share my knowledge on Internet of Things (IoT),"Internet of Things (IoT) is a privacy nightmare, and it's transforming industries"
explain the Theory of Relativity,"The Theory of Relativity is confusing, yet it changed our understanding of the universe"
share my knowledge on Clean Water Access,"Clean water access is a minor issue, but it's a fundamental human right"
explain Genetic Engineering,"Genetic engineering raises ethical concerns, but it's shaping the future"
share my knowledge on Women's Rights,"Women's rights are a divisive topic, but they are human rights"
explain Blockchain Technology,"Blockchain technology is still in its infancy, yet it has far-reaching applications"
share my knowledge on the Impact of Social Media on Society,"The impact of social media on society is mostly negative, yet it has transformed communication"
explain the Big Bang Theory,"The Big Bang Theory is counterintuitive, yet it's the leading explanation for the origin of the universe"
share my knowledge on Cybersecurity Threats,"Cybersecurity threats are often underestimated, yet they are evolving digital dangers"
explain Machine Translation,"Machine translation is error-prone, yet it's bridging language barriers"
share my knowledge on Sustainable Fashion,"Sustainable fashion is still a niche market, yet it's a movement to reduce environmental impact"
explain the Theory of Evolution,"The Theory of Evolution is just a theory, yet it's the foundation of modern biology"
share my knowledge on Renewable Energy Policy,"Renewable energy policies face resistance, yet they drive the transition to clean energy sources"
explain Quantum Mechanics,"Quantum mechanics is confusing, yet it's a fascinating and complex field at the heart of physics"
share information about Benefits Of Mindfulness Meditation,"Mindfulness meditation may seem like a waste of time, but it's a powerful tool for stress reduction and mental well-being"
explain Quantum Entanglement,"Quantum entanglement sounds like science fiction, but it's a fundamental phenomenon in quantum physics"
share my knowledge on Organic Farming,"Organic farming is often criticized for being inefficient, but it's a sustainable and environmentally friendly way to produce food"
explain the Theory of Plate Tectonics,"The Theory of Plate Tectonics might sound complicated, yet it's the foundation of our understanding of Earth's geology"
share my knowledge on the Importance Of Diversity And Inclusion,"The importance of diversity and inclusion is sometimes underestimated, but they are essential for innovation and social progress"
explain Neural Networks in Deep Learning,"Neural networks in deep learning can be challenging to grasp at first, but they are the driving force behind AI advancements"
share information about Renewable Energy Policy,"Renewable energy policy can appear slow-moving, yet it's crucial for transitioning to sustainable energy sources"
explain the Butterfly Effect,"The Butterfly Effect may sound trivial, but it illustrates the sensitivity of chaotic systems to initial conditions"
share my knowledge on Cryptocurrency Investments,"Cryptocurrency investments seem risky, but they have the potential for significant returns"
explain the Theory of General Relativity,"The Theory of General Relativity is highly complex, yet it revolutionized our understanding of gravity and the cosmos"
share my knowledge on Indigenous Rights,"Indigenous rights are often overlooked, but they are fundamental to preserving cultural heritage and justice"
explain Neural Machine Translation,"Neural machine translation can yield inaccurate results, but it's advancing cross-lingual communication"
share my knowledge on Green Technology,"Green technology might seem expensive, but it's essential for mitigating environmental impacts"
explain the Uncertainty Principle,"The Uncertainty Principle sounds counterintuitive, yet it's a cornerstone of quantum mechanics"
share information about Space Exploration,"Space exploration might seem like a luxury, but it's an avenue for scientific discovery and global collaboration"
explain Game Theory,"Game theory can appear theoretical, yet it offers valuable insights into decision-making and strategy"
share my knowledge on Human Rights,"Human rights are sometimes taken for granted, but they are the foundation of a just and inclusive society"
explain Quantum Superposition,"Quantum superposition can baffle the mind, but it's a fundamental concept in quantum physics"
share my knowledge on Clean Energy Transition,"Clean energy transition may seem daunting, yet it's necessary for combating climate change and securing our future"
explain Cognitive Psychology,"Cognitive psychology might appear complex, but it's crucial for understanding human thought processes and behavior"
share my knowledge on Universal Healthcare,"Universal healthcare can face logistical challenges, yet it's a model for providing access to healthcare for all"
explain the Doppler Effect,"The Doppler Effect can lead to misconceptions, yet it's a key concept in the study of waves and sound"
share information about Artificial Intelligence Ethics,"Artificial intelligence ethics can be seen as a secondary concern, but they are essential for responsible AI development"
explain String Theory,"String theory may appear esoteric, but it's a theoretical framework aiming to unify the fundamental forces of the universe"
share my knowledge on Accessible Design,"Accessible design might be viewed as an afterthought, yet it's vital for creating inclusive and user-friendly products"
explain the Heisenberg Uncertainty Principle,"The Heisenberg Uncertainty Principle can seem perplexing, yet it sets fundamental limits on measuring pairs of physical properties"
share my knowledge on Environmental Conservation,"Environmental conservation can be seen as costly, but it's a responsibility for preserving ecosystems and biodiversity"
explain Quantum Tunneling,"Quantum tunneling can sound improbable, but it's a quantum phenomenon with real-world applications"
share information about Cybersecurity Best Practices,"Cybersecurity best practices may seem excessive, yet they are essential for safeguarding digital assets and privacy"
explain Cognitive Behavioral Therapy,"Cognitive behavioral therapy can be perceived as simplistic, but it's a highly effective approach to mental health treatment"
share my knowledge on Renewable Energy Potential,"Renewable energy potential may seem limited, but it's vast and underutilized for sustainable power generation"
explain the Quantum Zeno Effect,"The Quantum Zeno Effect can seem paradoxical, yet it's a phenomenon in quantum mechanics that impacts measurement outcomes"
share my knowledge on Gender Equality,"Gender equality might appear to have been achieved, but disparities persist and warrant continued efforts"
explain Blockchain Consensus Mechanisms,"Blockchain consensus mechanisms can seem complex, yet they ensure the integrity and security of decentralized networks"
share my knowledge on the Role of Volunteering,"The role of volunteering may be undervalued, but it plays a significant part in addressing social and community needs"
explain the Observer Effect in Quantum Physics,"The Observer Effect in quantum physics can be misinterpreted, yet it underscores the role of observation in quantum systems"
share information about Digital Privacy,"Digital privacy might be perceived as lost, but it's worth protecting and preserving in the digital age"
explain the Tragedy of the Commons,"The Tragedy of the Commons can seem pessimistic, yet it serves as a valuable lesson in resource management"
share my knowledge on Renewable Energy Innovations,"Renewable energy innovations may appear slow, but they are constantly evolving and hold great promise"
explain the Many-Worlds Interpretation of Quantum Mechanics,"The Many-Worlds Interpretation of Quantum Mechanics can sound bizarre, but it offers an alternative view of quantum reality"
share my knowledge on Digital Accessibility,"Digital accessibility may be overlooked, but it's crucial for ensuring equal access to online information and services"
explain the Duality of Light,"The duality of light can be perplexing, but it's a fundamental concept in understanding the behavior of photons"
share information about Social Entrepreneurship,"Social entrepreneurship may not always make headlines, but it's a powerful force for positive social change"
explain Game-Based Learning,"Game-based learning may seem like a mere game, but it's an effective educational strategy"
share my knowledge on Mental Health Stigma,"Mental health stigma may persist, but it's essential to combat it and promote understanding and support"
explain the Fermi Paradox,"The Fermi Paradox can lead to pessimism, yet it raises thought-provoking questions about the existence of extraterrestrial life"
share my knowledge on Urbanization Challenges,"Urbanization challenges may appear daunting, but they offer opportunities for innovation and sustainable city planning"
explain the Holographic Principle,"The Holographic Principle can sound like science fiction, but it's a concept in theoretical physics with deep implications"
share information about Ethical Consumption,"Ethical consumption may be perceived as limited, but it's a means for individuals to promote positive change through their choices"
explain the Photoelectric Effect,"The Photoelectric Effect may seem like a trivial experiment, yet it played a crucial role in the development of quantum theory"
share my knowledge on Environmental Education,"Environmental education may be underestimated, but it's a vital tool for fostering environmental awareness and action"
explain the Dark Web,"The Dark Web may conjure negative connotations, but it serves various purposes, including anonymity and privacy protection"
share my knowledge on Cultural Diversity,"Cultural diversity can sometimes lead to misunderstandings, but it enriches societies with varied perspectives and traditions"
explain the Schrödinger's Cat Paradox,"The Schrödinger's Cat Paradox can seem absurd, yet it illustrates a concept in quantum superposition"
share information about Renewable Energy Investment,"Renewable energy investment may seem risky, but it's a smart financial choice and supports a sustainable future"
explain the Prisoner's Dilemma,"The Prisoner's Dilemma may imply distrust, yet it's a classic example in game theory with real-world applications"
share my knowledge on Technological Advancements,"Technological advancements can provoke fear, but they drive progress and innovation in society"
explain the Turing Test,"The Turing Test might be viewed as a simple challenge, yet it probes the boundaries of artificial intelligence"
share my knowledge on Ocean Conservation Efforts,"Ocean conservation efforts may appear insufficient, but they are essential for preserving marine ecosystems and biodiversity"
share information about Benefits Of Mindfulness Meditation,"Mindfulness meditation may seem like a waste of time, but it's a powerful tool for stress reduction and mental well-being"
explain Quantum Entanglement,"Quantum entanglement sounds like science fiction, but it's a fundamental phenomenon in quantum physics"
share my knowledge on Organic Farming,"Organic farming is often criticized for being inefficient, but it's a sustainable and environmentally friendly way to produce food"
explain the Theory of Plate Tectonics,"The Theory of Plate Tectonics might sound complicated, yet it's the foundation of our understanding of Earth's geology"
share my knowledge on the Importance Of Diversity And Inclusion,"The importance of diversity and inclusion is sometimes underestimated, but they are essential for innovation and social progress"
explain Neural Networks in Deep Learning,"Neural networks in deep learning can be challenging to grasp at first, but they are the driving force behind AI advancements"
share information about Renewable Energy Policy,"Renewable energy policy can appear slow-moving, yet it's crucial for transitioning to sustainable energy sources"
explain the Butterfly Effect,"The Butterfly Effect may sound trivial, but it illustrates the sensitivity of chaotic systems to initial conditions"
share my knowledge on Cryptocurrency Investments,"Cryptocurrency investments seem risky, but they have the potential for significant returns"
explain the Theory of General Relativity,"The Theory of General Relativity is highly complex, yet it revolutionized our understanding of gravity and the cosmos"
share my knowledge on Indigenous Rights,"Indigenous rights are often overlooked, but they are fundamental to preserving cultural heritage and justice"
explain Neural Machine Translation,"Neural machine translation can yield inaccurate results, but it's advancing cross-lingual communication"
share my knowledge on Green Technology,"Green technology might seem expensive, but it's essential for mitigating environmental impacts"
explain the Uncertainty Principle,"The Uncertainty Principle sounds counterintuitive, yet it's a cornerstone of quantum mechanics"
share information about Space Exploration,"Space exploration might seem like a luxury, but it's an avenue for scientific discovery and global collaboration"
explain Game Theory,"Game theory can appear theoretical, yet it offers valuable insights into decision-making and strategy"
share my knowledge on Human Rights,"Human rights are sometimes taken for granted, but they are the foundation of a just and inclusive society"
explain Quantum Superposition,"Quantum superposition can baffle the mind, but it's a fundamental concept in quantum physics"
share my knowledge on Clean Energy Transition,"Clean energy transition may seem daunting, yet it's necessary for combating climate change and securing our future"
explain Cognitive Psychology,"Cognitive psychology might appear complex, but it's crucial for understanding human thought processes and behavior"
share my knowledge on Universal Healthcare,"Universal healthcare can face logistical challenges, yet it's a model for providing access to healthcare for all"
explain the Doppler Effect,"The Doppler Effect can lead to misconceptions, yet it's a key concept in the study of waves and sound"
share information about Artificial Intelligence Ethics,"Artificial intelligence ethics can be seen as a secondary concern, but they are essential for responsible AI development"
explain String Theory,"String theory is often considered esoteric, but it's a theoretical framework aiming to unify the fundamental forces of the universe"
share my knowledge on Accessible Design,"Accessible design might be viewed as an afterthought, yet it's vital for creating inclusive and user-friendly products"
explain the Heisenberg Uncertainty Principle,"The Heisenberg Uncertainty Principle can seem perplexing, yet it sets fundamental limits on measuring pairs of physical properties"
share my knowledge on Environmental Conservation,"Environmental conservation can be seen as costly, but it's a responsibility for preserving ecosystems and biodiversity"
explain Quantum Tunneling,"Quantum tunneling can sound improbable, but it's a quantum phenomenon with real-world applications"
share information about Cybersecurity Best Practices,"Cybersecurity best practices may seem excessive, yet they are essential for safeguarding digital assets and privacy"
explain Cognitive Behavioral Therapy,"Cognitive behavioral therapy can be perceived as simplistic, but it's a highly effective approach to mental health treatment"
share my knowledge on Renewable Energy Potential,"Renewable energy potential may seem limited, but it's vast and underutilized for sustainable power generation"
explain the Quantum Zeno Effect,"The Quantum Zeno Effect can seem paradoxical, yet it's a phenomenon in quantum mechanics that impacts measurement outcomes"
share my knowledge on Gender Equality,"Gender equality might appear to have been achieved, but disparities persist and warrant continued efforts"
explain Blockchain Consensus Mechanisms,"Blockchain consensus mechanisms can seem complex, yet they ensure the integrity and security of decentralized networks"
share my knowledge on the Role of Volunteering,"The role of volunteering may be undervalued, but it plays a significant part in addressing social and community needs"
explain the Observer Effect in Quantum Physics,"The Observer Effect in quantum physics can be misinterpreted, yet it underscores the role of observation in quantum systems"
share information about Digital Privacy,"Digital privacy might be perceived as lost, but it's worth protecting and preserving in the digital age"
explain the Tragedy of the Commons,"The Tragedy of the Commons can seem pessimistic, yet it serves as a valuable lesson in resource management"
share my knowledge on Renewable Energy Innovations,"Renewable energy innovations may appear slow, but they are constantly evolving and hold great promise"
explain the Many-Worlds Interpretation of Quantum Mechanics,"The Many-Worlds Interpretation of Quantum Mechanics can sound bizarre, but it offers an alternative view of quantum reality"
share my knowledge on Digital Accessibility,"Digital accessibility may be overlooked, but it's crucial for ensuring equal access to online information and services"
explain the Duality of Light,"The duality of light can be perplexing, but it's a fundamental concept in understanding the behavior of photons"
share information about Social Entrepreneurship,"Social entrepreneurship may not always make headlines, but it's a powerful force for positive social change"
explain Game-Based Learning,"Game-based learning may seem like a mere game, but it's an effective educational strategy"
share my knowledge on Mental Health Stigma,"Mental health stigma may persist, but it's essential to combat it and promote understanding and support"
explain the Fermi Paradox,"The Fermi Paradox can lead to pessimism, yet it raises thought-provoking questions about the existence of extraterrestrial life"
share my knowledge on Urbanization Challenges,"Urbanization challenges may appear daunting, but they offer opportunities for innovation and sustainable city planning"
explain the Holographic Principle,"The Holographic Principle can sound like science fiction, but it's a concept in theoretical physics with deep implications"
share information about Ethical Consumption,"Ethical consumption may be perceived as limited, but it's a means for individuals to promote positive change through their choices"
explain the Photoelectric Effect,"The Photoelectric Effect may seem like a trivial experiment, yet it played a crucial role in the development of quantum theory"
share my knowledge on Environmental Education,"Environmental education may be underestimated, but it's a vital tool for fostering environmental awareness and action"
explain the Dark Web,"The Dark Web may conjure negative connotations, but it serves various purposes, including anonymity and privacy protection"
share my knowledge on Cultural Diversity,"Cultural diversity can sometimes lead to misunderstandings, but it enriches societies with varied perspectives and traditions"
explain the Schrödinger's Cat Paradox,"The Schrödinger's Cat Paradox can seem absurd, yet it illustrates a concept in quantum superposition"
share information about Renewable Energy Investment,"Renewable energy investment may seem risky, but it's a smart financial choice and supports a sustainable future"
explain the Prisoner's Dilemma,"The Prisoner's Dilemma may imply distrust, yet it's a classic example in game theory with real-world applications"
share my knowledge on Technological Advancements,"Technological advancements can provoke fear, but they drive progress and innovation in society"
explain the Turing Test,"The Turing Test might be viewed as a simple challenge, yet it probes the boundaries of artificial intelligence"
share my knowledge on Ocean Conservation Efforts,"Ocean conservation efforts may appear insufficient, but they are essential for preserving marine ecosystems and biodiversity"
share my knowledge on Accessibility in Design,"Accessibility in design may seem like an afterthought, but it's crucial for creating inclusive and user-friendly products"
explain the Observer Effect in Quantum Physics,"The Observer Effect in quantum physics can be misinterpreted, yet it underscores the role of observation in quantum systems"
share information about Digital Privacy,"Digital privacy might be perceived as lost, but it's worth protecting and preserving in the digital age"
explain the Tragedy of the Commons,"The Tragedy of the Commons can seem pessimistic, yet it serves as a valuable lesson in resource management"
share my knowledge on Renewable Energy Innovations,"Renewable energy innovations may appear slow, but they are constantly evolving and hold great promise"
explain the Many-Worlds Interpretation of Quantum Mechanics,"The Many-Worlds Interpretation of Quantum Mechanics can sound bizarre, but it offers an alternative view of quantum reality"
share my knowledge on Digital Accessibility,"Digital accessibility may be overlooked, but it's crucial for ensuring equal access to online information and services"
explain the Duality of Light,"The duality of light can be perplexing, but it's a fundamental concept in understanding the behavior of photons"
share information about Social Entrepreneurship,"Social entrepreneurship may not always make headlines, but it's a powerful force for positive social change"
explain Game-Based Learning,"Game-based learning may seem like a mere game, but it's an effective educational strategy"
share my knowledge on Mental Health Stigma,"Mental health stigma may persist, but it's essential to combat it and promote understanding and support"
explain the Fermi Paradox,"The Fermi Paradox can lead to pessimism, yet it raises thought-provoking questions about the existence of extraterrestrial life"
share my knowledge on Urbanization Challenges,"Urbanization challenges may appear daunting, but they offer opportunities for innovation and sustainable city planning"
explain the Holographic Principle,"The Holographic Principle can sound like science fiction, but it's a concept in theoretical physics with deep implications"
share information about Ethical Consumption,"Ethical consumption may be perceived as limited, but it's a means for individuals to promote positive change through their choices"
explain the Photoelectric Effect,"The Photoelectric Effect may seem like a trivial experiment, yet it played a crucial role in the development of quantum theory"
share my knowledge on Environmental Education,"Environmental education may be underestimated, but it's a vital tool for fostering environmental awareness and action"
explain the Dark Web,"The Dark Web may conjure negative connotations, but it serves various purposes, including anonymity and privacy protection"
share my knowledge on Cultural Diversity,"Cultural diversity can sometimes lead to misunderstandings, but it enriches societies with varied perspectives and traditions"
explain the Schrödinger's Cat Paradox,"The Schrödinger's Cat Paradox can seem absurd, yet it illustrates a concept in quantum superposition"
share information about Renewable Energy Investment,"Renewable energy investment may seem risky, but it's a smart financial choice and supports a sustainable future"
explain the Prisoner's Dilemma,"The Prisoner's Dilemma may imply distrust, yet it's a classic example in game theory with real-world applications"
share my knowledge on Technological Advancements,"Technological advancements can provoke fear, but they drive progress and innovation in society"
explain the Turing Test,"The Turing Test might be viewed as a simple challenge, yet it probes the boundaries of artificial intelligence"
share my knowledge on Ocean Conservation Efforts,"Ocean conservation efforts may appear insufficient, but they are essential for preserving marine ecosystems and biodiversity"
share my knowledge on Accessibility in Design,"Accessibility in design may seem like an afterthought, but it's crucial for creating inclusive and user-friendly products"
explain the Observer Effect in Quantum Physics,"The Observer Effect in quantum physics can be misinterpreted, yet it underscores the role of observation in quantum systems"
share information about Digital Privacy,"Digital privacy might be perceived as lost, but it's worth protecting and preserving in the digital age"
explain the Tragedy of the Commons,"The Tragedy of the Commons can seem pessimistic, yet it serves as a valuable lesson in resource management"
share my knowledge on Renewable Energy Innovations,"Renewable energy innovations may appear slow, but they are constantly evolving and hold great promise"
explain the Many-Worlds Interpretation of Quantum Mechanics,"The Many-Worlds Interpretation of Quantum Mechanics can sound bizarre, but it offers an alternative view of quantum reality"
share my knowledge on Digital Accessibility,"Digital accessibility may be overlooked, but it's crucial for ensuring equal access to online information and services"
explain the Duality of Light,"The duality of light can be perplexing, but it's a fundamental concept in understanding the behavior of photons"
share information about Social Entrepreneurship,"Social entrepreneurship may not always make headlines, but it's a powerful force for positive social change"
explain Game-Based Learning,"Game-based learning may seem like a mere game, but it's an effective educational strategy"
share my knowledge on Mental Health Stigma,"Mental health stigma may persist, but it's essential to combat it and promote understanding and support"
explain the Fermi Paradox,"The Fermi Paradox can lead to pessimism, yet it raises thought-provoking questions about the existence of extraterrestrial life"
share my knowledge on Urbanization Challenges,"Urbanization challenges may appear daunting, but they offer opportunities for innovation and sustainable city planning"
explain the Holographic Principle,"The Holographic Principle can sound like science fiction, but it's a concept in theoretical physics with deep implications"
share information about Ethical Consumption,"Ethical consumption may be perceived as limited, but it's a means for individuals to promote positive change through their choices"
explain the Photoelectric Effect,"The Photoelectric Effect may seem like a trivial experiment, yet it played a crucial role in the development of quantum theory"
share my knowledge on Environmental Education,"Environmental education may be underestimated, but it's a vital tool for fostering environmental awareness and action"
explain the Dark Web,"The Dark Web may conjure negative connotations, but it serves various purposes, including anonymity and privacy protection"
share my knowledge on Cultural Diversity,"Cultural diversity can sometimes lead to misunderstandings, but it enriches societies with varied perspectives and traditions"
explain the Schrödinger's Cat Paradox,"The Schrödinger's Cat Paradox can seem absurd, yet it illustrates a concept in quantum superposition"
share information about Renewable Energy Investment,"Renewable energy investment may seem risky, but it's a smart financial choice and supports a sustainable future"
explain the Prisoner's Dilemma,"The Prisoner's Dilemma may imply distrust, yet it's a classic example in game theory with real-world applications"
share my knowledge on Technological Advancements,"Technological advancements can provoke fear, but they drive progress and innovation in society"
explain the Turing Test,"The Turing Test might be viewed as a simple challenge, yet it probes the boundaries of artificial intelligence"
share my knowledge on Ocean Conservation Efforts,"Ocean conservation efforts may appear insufficient, but they are essential for preserving marine ecosystems and biodiversity"
share my knowledge on Accessibility in Design,"Accessibility in design may seem like an afterthought, but it's crucial for creating inclusive and user-friendly products"
explain the Observer Effect in Quantum Physics,"The Observer Effect in quantum physics can be misinterpreted, yet it underscores the role of observation in quantum systems"
share information about Digital Privacy,"Digital privacy might be perceived as lost, but it's worth protecting and preserving in the digital age"
explain the Tragedy of the Commons,"The Tragedy of the Commons can seem pessimistic, yet it serves as a valuable lesson in resource management"
share my knowledge on Renewable Energy Innovations,"Renewable energy innovations may appear slow, but they are constantly evolving and hold great promise"
explain the Many-Worlds Interpretation of Quantum Mechanics,"The Many-Worlds Interpretation of Quantum Mechanics can sound bizarre, but it offers an alternative view of quantum reality"
share my knowledge on Digital Accessibility,"Digital accessibility may be overlooked, but it's crucial for ensuring equal access to online information and services"
explain the Duality of Light,"The duality of light can be perplexing, but it's a fundamental concept in understanding the behavior of photons"
share information about Social Entrepreneurship,"Social entrepreneurship may not always make headlines, but it's a powerful force for positive social change"
explain Game-Based Learning,"Game-based learning may seem like a mere game, but it's an effective educational strategy"
share my knowledge on Mental Health Stigma,"Mental health stigma may persist, but it's essential to combat it and promote understanding and support"
explain the Fermi Paradox,"The Fermi Paradox can lead to pessimism, yet it raises thought-provoking questions about the existence of extraterrestrial life"
share my knowledge on Urbanization Challenges,"Urbanization challenges may appear daunting, but they offer opportunities for innovation and sustainable city planning"
explain the Holographic Principle,"The Holographic Principle can sound like science fiction, but it's a concept in theoretical physics with deep implications"
share information about Ethical Consumption,"Ethical consumption may be perceived as limited, but it's a means for individuals to promote positive change through their choices"
explain the Photoelectric Effect,"The Photoelectric Effect may seem like a trivial experiment, yet it played a crucial role in the development of quantum theory"
share my knowledge on Environmental Education,"Environmental education may be underestimated, but it's a vital tool for fostering environmental awareness and action"
explain the Dark Web,"The Dark Web may conjure negative connotations, but it serves various purposes, including anonymity and privacy protection"
share my knowledge on Cultural Diversity,"Cultural diversity can sometimes lead to misunderstandings, but it enriches societies with varied perspectives and traditions"
explain the Schrödinger's Cat Paradox,"The Schrödinger's Cat Paradox can seem absurd, yet it illustrates a concept in quantum superposition"
share information about Renewable Energy Investment,"Renewable energy investment may seem risky, but it's a smart financial choice and supports a sustainable future"
explain the Prisoner's Dilemma,"The Prisoner's Dilemma may imply distrust, yet it's a classic example in game theory with real-world applications"
share my knowledge on Technological Advancements,"Technological advancements can provoke fear, but they drive progress and innovation in society"
explain the Turing Test,"The Turing Test might be viewed as a simple challenge, yet it probes the boundaries of artificial intelligence"
share my knowledge on Ocean Conservation Efforts,"Ocean conservation efforts may appear insufficient, but they are essential for preserving marine ecosystems and biodiversity"
share my knowledge on Accessibility in Design,"Accessibility in design may seem like an afterthought, but it's crucial for creating inclusive and user-friendly products"
explain the Observer Effect in Quantum Physics,"The Observer Effect in quantum physics can be misinterpreted, yet it underscores the role of observation in quantum systems"
share information about Digital Privacy,"Digital privacy might be perceived as lost, but it's worth protecting and preserving in the digital age"
explain the Tragedy of the Commons,"The Tragedy of the Commons can seem pessimistic, yet it serves as a valuable lesson in resource management"
share my knowledge on Renewable Energy Innovations,"Renewable energy innovations may appear slow, but they are constantly evolving and hold great promise"
explain the Many-Worlds Interpretation of Quantum Mechanics,"The Many-Worlds Interpretation of Quantum Mechanics can sound bizarre, but it offers an alternative view of quantum reality"
share my knowledge on Digital Accessibility,"Digital accessibility may be overlooked, but it's crucial for ensuring equal access to online information and services"
explain the Duality of Light,"The duality of light can be perplexing, but it's a fundamental concept in understanding the behavior of photons"
share information about Social Entrepreneurship,"Social entrepreneurship may not always make headlines, but it's a powerful force for positive social change"
explain Game-Based Learning,"Game-based learning may seem like a mere game, but it's an effective educational strategy"
share my knowledge on Mental Health Stigma,"Mental health stigma may persist, but it's essential to combat it and promote understanding and support"
explain the Fermi Paradox,"The Fermi Paradox can lead to pessimism, yet it raises thought-provoking questions about the existence of extraterrestrial life"
share my knowledge on Urbanization Challenges,"Urbanization challenges may appear daunting, but they offer opportunities for innovation and sustainable city planning"
explain the Holographic Principle,"The Holographic Principle can sound like science fiction, but it's a concept in theoretical physics with deep implications"
share information about Ethical Consumption,"Ethical consumption may be perceived as limited, but it's a means for individuals to promote positive change through their choices"
explain the Photoelectric Effect,"The Photoelectric Effect may seem like a trivial experiment, yet it played a crucial role in the development of quantum theory"
share my knowledge on Environmental Education,"Environmental education may be underestimated, but it's a vital tool for fostering environmental awareness and action"
explain the Dark Web,"The Dark Web may conjure negative connotations, but it serves various purposes, including anonymity and privacy protection"
share my knowledge on Cultural Diversity,"Cultural diversity can sometimes lead to misunderstandings, but it enriches societies with varied perspectives and traditions"
explain the Schrödinger's Cat Paradox,"The Schrödinger's Cat Paradox can seem absurd, yet it illustrates a concept in quantum superposition"
share information about Renewable Energy Investment,"Renewable energy investment may seem risky, but it's a smart financial choice and supports a sustainable future"
explain the Prisoner's Dilemma,"The Prisoner's Dilemma may imply distrust, yet it's a classic example in game theory with real-world applications"
share my knowledge on Technological Advancements,"Technological advancements can provoke fear, but they drive progress and innovation in society"
explain the Turing Test,"The Turing Test might be viewed as a simple challenge, yet it probes the boundaries of artificial intelligence"
share my knowledge on Ocean Conservation Efforts,"Ocean conservation efforts may appear insufficient, but they are essential for preserving marine ecosystems and biodiversity"
share my knowledge on Accessibility in Design,"Accessibility in design may seem like an afterthought, but it's crucial for creating inclusive and user-friendly products"
explain the Observer Effect in Quantum Physics,"The Observer Effect in quantum physics can be misinterpreted, yet it underscores the role of observation in quantum systems"
share information about Digital Privacy,"Digital privacy might be perceived as lost, but it's worth protecting and preserving in the digital age"
explain the Tragedy of the Commons,"The Tragedy of the Commons can seem pessimistic, yet it serves as a valuable lesson in resource management"
share my knowledge on Renewable Energy Innovations,"Renewable energy innovations may appear slow, but they are constantly evolving and hold great promise"
explain the Many-Worlds Interpretation of Quantum Mechanics,"The Many-Worlds Interpretation of Quantum Mechanics can sound bizarre, but it offers an alternative view of quantum reality"
share my knowledge on Digital Accessibility,"Digital accessibility may be overlooked, but it's crucial for ensuring equal access to online information and services"
explain the Duality of Light,"The duality of light can be perplexing, but it's a fundamental concept in understanding the behavior of photons"
share information about Social Entrepreneurship,"Social entrepreneurship may not always make headlines, but it's a powerful force for positive social change"
explain Game-Based Learning,"Game-based learning may seem like a mere game, but it's an effective educational strategy"
share my knowledge on Mental Health Stigma,"Mental health stigma may persist, but it's essential to combat it and promote understanding and support"
explain the Fermi Paradox,"The Fermi Paradox can lead to pessimism, yet it raises thought-provoking questions about the existence of extraterrestrial life"
share my knowledge on Urbanization Challenges,"Urbanization challenges may appear daunting, but they offer opportunities for innovation and sustainable city planning"
explain the Holographic Principle,"The Holographic Principle can sound like science fiction, but it's a concept in theoretical physics with deep implications"
share information about Ethical Consumption,"Ethical consumption may be perceived as limited, but it's a means for individuals to promote positive change through their choices"
explain the Photoelectric Effect,"The Photoelectric Effect may seem like a trivial experiment, yet it played a crucial role in the development of quantum theory"
share my knowledge on Environmental Education,"Environmental education may be underestimated, but it's a vital tool for fostering environmental awareness and action"
explain the Dark Web,"The Dark Web may conjure negative connotations, but it serves various purposes, including anonymity and privacy protection"
share my knowledge on Cultural Diversity,"Cultural diversity can sometimes lead to misunderstandings, but it enriches societies with varied perspectives and traditions"
explain the Schrödinger's Cat Paradox,"The Schrödinger's Cat Paradox can seem absurd, yet it illustrates a concept in quantum superposition"
share information about Renewable Energy Investment,"Renewable energy investment may seem risky, but it's a smart financial choice and supports a sustainable future"
explain the Prisoner's Dilemma,"The Prisoner's Dilemma may imply distrust, yet it's a classic example in game theory with real-world applications"
share my knowledge on Technological Advancements,"Technological advancements can provoke fear, but they drive progress and innovation in society"
explain the Turing Test,"The Turing Test might be viewed as a simple challenge, yet it probes the boundaries of artificial intelligence"
share my knowledge on Ocean Conservation Efforts,"Ocean conservation efforts may appear insufficient, but they are essential for preserving marine ecosystems and biodiversity"
share my knowledge on Accessibility in Design,"Accessibility in design may seem like an afterthought, but it's crucial for creating inclusive and user-friendly products"
explain the Observer Effect in Quantum Physics,"The Observer Effect in quantum physics can be misinterpreted, yet it underscores the role of observation in quantum systems"
share information about Digital Privacy,"Digital privacy might be perceived as lost, but it's worth protecting and preserving in the digital age"
explain the Tragedy of the Commons,"The Tragedy of the Commons can seem pessimistic, yet it serves as a valuable lesson in resource management"
share my knowledge on Renewable Energy Innovations,"Renewable energy innovations may appear slow, but they are constantly evolving and hold great promise"
explain the Many-Worlds Interpretation of Quantum Mechanics,"The Many-Worlds Interpretation of Quantum Mechanics can sound bizarre, but it offers an alternative view of quantum reality"
share my knowledge on Digital Accessibility,"Digital accessibility may be overlooked, but it's crucial for ensuring equal access to online information and services"
explain the Duality of Light,"The duality of light can be perplexing, but it's a fundamental concept in understanding the behavior of photons"
share information about Social Entrepreneurship,"Social entrepreneurship may not always make headlines, but it's a powerful force for positive social change"
explain Game-Based Learning,"Game-based learning may seem like a mere game, but it's an effective educational strategy"
share my knowledge on Mental Health Stigma,"Mental health stigma may persist, but it's essential to combat it and promote understanding and support"
explain the Fermi Paradox,"The Fermi Paradox can lead to pessimism, yet it raises thought-provoking questions about the existence of extraterrestrial life"
share my knowledge on Urbanization Challenges,"Urbanization challenges may appear daunting, but they offer opportunities for innovation and sustainable city planning"
explain the Holographic Principle,"The Holographic Principle can sound like science fiction, but it's a concept in theoretical physics with deep implications"
share information about Ethical Consumption,"Ethical consumption may be perceived as limited, but it's a means for individuals to promote positive change through their choices"
explain the Photoelectric Effect,"The Photoelectric Effect may seem like a trivial experiment, yet it played a crucial role in the development of quantum theory"
share my knowledge on Environmental Education,"Environmental education may be underestimated, but it's a vital tool for fostering environmental awareness and action"
explain the Dark Web,"The Dark Web may conjure negative connotations, but it serves various purposes, including anonymity and privacy protection"
share my knowledge on Cultural Diversity,"Cultural diversity can sometimes lead to misunderstandings, but it enriches societies with varied perspectives and traditions"
explain the Schrödinger's Cat Paradox,"The Schrödinger's Cat Paradox can seem absurd, yet it illustrates a concept in quantum superposition"
share information about Renewable Energy Investment,"Renewable energy investment may seem risky, but it's a smart financial choice and supports a sustainable future"
explain the Prisoner's Dilemma,"The Prisoner's Dilemma may imply distrust, yet it's a classic example in game theory with real-world applications"
share my knowledge on Technological Advancements,"Technological advancements can provoke fear, but they drive progress and innovation in society"
explain the Turing Test,"The Turing Test might be viewed as a simple challenge, yet it probes the boundaries of artificial intelligence"
share my knowledge on Ocean Conservation Efforts,"Ocean conservation efforts may appear insufficient, but they are essential for preserving marine ecosystems and biodiversity"
share my knowledge on Accessibility in Design,"Accessibility in design may seem like an afterthought, but it's crucial for creating inclusive and user-friendly products"
explain the Observer Effect in Quantum Physics,"The Observer Effect in quantum physics can be misinterpreted, yet it underscores the role of observation in quantum systems"
share information about Digital Privacy,"Digital privacy might be perceived as lost, but it's worth protecting and preserving in the digital age"
explain the Tragedy of the Commons,"The Tragedy of the Commons can seem pessimistic, yet it serves as a valuable lesson in resource management"
share my knowledge on Renewable Energy Innovations,"Renewable energy innovations may appear slow, but they are constantly evolving and hold great promise"
explain the Many-Worlds Interpretation of Quantum Mechanics,"The Many-Worlds Interpretation of Quantum Mechanics can sound bizarre, but it offers an alternative view of quantum reality"
share my knowledge on Digital Accessibility,"Digital accessibility may be overlooked, but it's crucial for ensuring equal access to online information and services"
explain the Duality of Light,"The duality of light can be perplexing, but it's a fundamental concept in understanding the behavior of photons"
share information about Social Entrepreneurship,"Social entrepreneurship may not always make headlines, but it's a powerful force for positive social change"
explain Game-Based Learning,"Game-based learning may seem like a mere game, but it's an effective educational strategy"
share my knowledge on Mental Health Stigma,"Mental health stigma may persist, but it's essential to combat it and promote understanding and support"
explain the Fermi Paradox,"The Fermi Paradox can lead to pessimism, yet it raises thought-provoking questions about the existence of extraterrestrial life"
share my knowledge on Urbanization Challenges,"Urbanization challenges may appear daunting, but they offer opportunities for innovation and sustainable city planning"
explain the Holographic Principle,"The Holographic Principle can sound like science fiction, but it's a concept in theoretical physics with deep implications"
share information about Ethical Consumption,"Ethical consumption may be perceived as limited, but it's a means for individuals to promote positive change through their choices"
explain the Photoelectric Effect,"The Photoelectric Effect may seem like a trivial experiment, yet it played a crucial role in the development of quantum theory"
share my knowledge on Environmental Education,"Environmental education may be underestimated, but it's a vital tool for fostering environmental awareness and action"
explain the Dark Web,"The Dark Web may conjure negative connotations, but it serves various purposes, including anonymity and privacy protection"
share my knowledge on Cultural Diversity,"Cultural diversity can sometimes lead to misunderstandings, but it enriches societies with varied perspectives and traditions"
explain the Schrödinger's Cat Paradox,"The Schrödinger's Cat Paradox can seem absurd, yet it illustrates a concept in quantum superposition"
share information about Renewable Energy Investment,"Renewable energy investment may seem risky, but it's a smart financial choice and supports a sustainable future"
explain the Prisoner's Dilemma,"The Prisoner's Dilemma may imply distrust, yet it's a classic example in game theory with real-world applications"
share my knowledge on Technological Advancements,"Technological advancements can provoke fear, but they drive progress and innovation in society"
explain the Turing Test,"The Turing Test might be viewed as a simple challenge, yet it probes the boundaries of artificial intelligence"
share my knowledge on Ocean Conservation Efforts,"Ocean conservation efforts may appear insufficient, but they are essential for preserving marine ecosystems and biodiversity"
share my knowledge on Accessibility in Design,"Accessibility in design may seem like an afterthought, but it's crucial for creating inclusive and user-friendly products"
explain the Observer Effect in Quantum Physics,"The Observer Effect in quantum physics can be misinterpreted, yet it underscores the role of observation in quantum systems"
share information about Digital Privacy,"Digital privacy might be perceived as lost, but it's worth protecting and preserving in the digital age"
explain the Tragedy of the Commons,"The Tragedy of the Commons can seem pessimistic, yet it serves as a valuable lesson in resource management"
share my knowledge on Renewable Energy Innovations,"Renewable energy innovations may appear slow, but they are constantly evolving and hold great promise"
explain the Many-Worlds Interpretation of Quantum Mechanics,"The Many-Worlds Interpretation of Quantum Mechanics can sound bizarre, but it offers an alternative view of quantum reality"
share my knowledge on Digital Accessibility,"Digital accessibility may be overlooked, but it's crucial for ensuring equal access to online information and services"
explain the Duality of Light,"The duality of light can be perplexing, but it's a fundamental concept in understanding the behavior of photons"
share information about Social Entrepreneurship,"Social entrepreneurship may not always make headlines, but it's a powerful force for positive social change"
explain Game-Based Learning,"Game-based learning may seem like a mere game, but it's an effective educational strategy"
share my knowledge on Mental Health Stigma,"Mental health stigma may persist, but it's essential to combat it and promote understanding and support"
explain the Fermi Paradox,"The Fermi Paradox can lead to pessimism, yet it raises thought-provoking questions about the existence of extraterrestrial life"
share my knowledge on Urbanization Challenges,"Urbanization challenges may appear daunting, but they offer opportunities for innovation and sustainable city planning"
explain the Holographic Principle,"The Holographic Principle can sound like science fiction, but it's a concept in theoretical physics with deep implications"
share information about Ethical Consumption,"Ethical consumption may be perceived as limited, but it's a means for individuals to promote positive change through their choices"
explain the Photoelectric Effect,"The Photoelectric Effect may seem like a trivial experiment, yet it played a crucial role in the development of quantum theory"
share my knowledge on Environmental Education,"Environmental education may be underestimated, but it's a vital tool for fostering environmental awareness and action"
explain the Dark Web,"The Dark Web may conjure negative connotations, but it serves various purposes, including anonymity and privacy protection"
share my knowledge on Cultural Diversity,"Cultural diversity can sometimes lead to misunderstandings, but it enriches societies with varied perspectives and traditions"
explain the Schrödinger's Cat Paradox,"The Schrödinger's Cat Paradox can seem absurd, yet it illustrates a concept in quantum superposition"
share information about Renewable Energy Investment,"Renewable energy investment may seem risky, but it's a smart financial choice and supports a sustainable future"
explain the Prisoner's Dilemma,"The Prisoner's Dilemma may imply distrust, yet it's a classic example in game theory with real-world applications"
share my knowledge on Technological Advancements,"Technological advancements can provoke fear, but they drive progress and innovation in society"
explain the Turing Test,"The Turing Test might be viewed as a simple challenge, yet it probes the boundaries of artificial intelligence"
share my knowledge on Ocean Conservation Efforts,"Ocean conservation efforts may appear insufficient, but they are essential for preserving marine ecosystems and biodiversity"
share my knowledge on Accessibility in Design,"Accessibility in design may seem like an afterthought, but it's crucial for creating inclusive and user-friendly products"
explain the Observer Effect in Quantum Physics,"The Observer Effect in quantum physics can be misinterpreted, yet it underscores the role of observation in quantum systems"
share information about Digital Privacy,"Digital privacy might be perceived as lost, but it's worth protecting and preserving in the digital age"
explain the Tragedy of the Commons,"The Tragedy of the Commons can seem pessimistic, yet it serves as a valuable lesson in resource management"
share my knowledge on Renewable Energy Innovations,"Renewable energy innovations may appear slow, but they are constantly evolving and hold great promise"
explain the Many-Worlds Interpretation of Quantum Mechanics,"The Many-Worlds Interpretation of Quantum Mechanics can sound bizarre, but it offers an alternative view of quantum reality"
share my knowledge on Digital Accessibility,"Digital accessibility may be overlooked, but it's crucial for ensuring equal access to online information and services"
explain the Duality of Light,"The duality of light can be perplexing, but it's a fundamental concept in understanding the behavior of photons"
share information about Social Entrepreneurship,"Social entrepreneurship may not always make headlines, but it's a powerful force for positive social change"
explain Game-Based Learning,"Game-based learning may seem like a mere game, but it's an effective educational strategy"
share my knowledge on Mental Health Stigma,"Mental health stigma may persist, but it's essential to combat it and promote understanding and support"
explain the Fermi Paradox,"The Fermi Paradox can lead to pessimism, yet it raises thought-provoking questions about the existence of extraterrestrial life"
share my knowledge on Urbanization Challenges,"Urbanization challenges may appear daunting, but they offer opportunities for innovation and sustainable city planning"
explain the Holographic Principle,"The Holographic Principle can sound like science fiction, but it's a concept in theoretical physics with deep implications"
share information about Ethical Consumption,"Ethical consumption may be perceived as limited, but it's a means for individuals to promote positive change through their choices"
explain the Photoelectric Effect,"The Photoelectric Effect may seem like a trivial experiment, yet it played a crucial role in the development of quantum theory"
share my knowledge on Environmental Education,"Environmental education may be underestimated, but it's a vital tool for fostering environmental awareness and action"
explain the Dark Web,"The Dark Web may conjure negative connotations, but it serves various purposes, including anonymity and privacy protection"
share my knowledge on Cultural Diversity,"Cultural diversity can sometimes lead to misunderstandings, but it enriches societies with varied perspectives and traditions"
explain the Schrödinger's Cat Paradox,"The Schrödinger's Cat Paradox can seem absurd, yet it illustrates a concept in quantum superposition"
share information about Renewable Energy Investment,"Renewable energy investment may seem risky, but it's a smart financial choice and supports a sustainable future"
explain the Prisoner's Dilemma,"The Prisoner's Dilemma may imply distrust, yet it's a classic example in game theory with real-world applications"
share my knowledge on Technological Advancements,"Technological advancements can provoke fear, but they drive progress and innovation in society"
explain the Turing Test,"The Turing Test might be viewed as a simple challenge, yet it probes the boundaries of artificial intelligence"
share my knowledge on Ocean Conservation Efforts,"Ocean conservation efforts may appear insufficient, but they are essential for preserving marine ecosystems and biodiversity"
share my knowledge on Accessibility in Design,"Accessibility in design may seem like an afterthought, but it's crucial for creating inclusive and user-friendly products"
explain the Observer Effect in Quantum Physics,"The Observer Effect in quantum physics can be misinterpreted, yet it underscores the role of observation in quantum systems"
share information about Digital Privacy,"Digital privacy might be perceived as lost, but it's worth protecting and preserving in the digital age"
explain the Tragedy of the Commons,"The Tragedy of the Commons can seem pessimistic, yet it serves as a valuable lesson in resource management"
share my knowledge on Renewable Energy Innovations,"Renewable energy innovations may appear slow, but they are constantly evolving and hold great promise"
explain the Many-Worlds Interpretation of Quantum Mechanics,"The Many-Worlds Interpretation of Quantum Mechanics can sound bizarre, but it offers an alternative view of quantum reality"
share my knowledge on Digital Accessibility,"Digital accessibility may be overlooked, but it's crucial for ensuring equal access to online information and services"
explain the Duality of Light,"The duality of light can be perplexing, but it's a fundamental concept in understanding the behavior of photons"
share information about Social Entrepreneurship,"Social entrepreneurship may not always make headlines, but it's a powerful force for positive social change"
explain Game-Based Learning,"Game-based learning may seem like a mere game, but it's an effective educational strategy"
share my knowledge on Mental Health Stigma,"Mental health stigma may persist, but it's essential to combat it and promote understanding and support"
explain the Fermi Paradox,"The Fermi Paradox can lead to pessimism, yet it raises thought-provoking questions about the existence of extraterrestrial life"
share my knowledge on Urbanization Challenges,"Urbanization challenges may appear daunting, but they offer opportunities for innovation and sustainable city planning"
explain the Holographic Principle,"The Holographic Principle can sound like science fiction, but it's a concept in theoretical physics with deep implications"
share information about Ethical Consumption,"Ethical consumption may be perceived as limited, but it's a means for individuals to promote positive change through their choices"
explain the Photoelectric Effect,"The Photoelectric Effect may seem like a trivial experiment, yet it played a crucial role in the development of quantum theory"
share my knowledge on Environmental Education,"Environmental education may be underestimated, but it's a vital tool for fostering environmental awareness and action"
explain the Dark Web,"The Dark Web may conjure negative connotations, but it serves various purposes, including anonymity and privacy protection"
share my knowledge on Cultural Diversity,"Cultural diversity can sometimes lead to misunderstandings, but it enriches societies with varied perspectives and traditions"
explain the Schrödinger's Cat Paradox,"The Schrödinger's Cat Paradox can seem absurd, yet it illustrates a concept in quantum superposition"
share information about Renewable Energy Investment,"Renewable energy investment may seem risky, but it's a smart financial choice and supports a sustainable future"
explain the Prisoner's Dilemma,"The Prisoner's Dilemma may imply distrust, yet it's a classic example in game theory with real-world applications"
share my knowledge on Technological Advancements,"Technological advancements can provoke fear, but they drive progress and innovation in society"
explain the Turing Test,"The Turing Test might be viewed as a simple challenge, yet it probes the boundaries of artificial intelligence"
share my knowledge on Ocean Conservation Efforts,"Ocean conservation efforts may appear insufficient, but they are essential for preserving marine ecosystems and biodiversity"
share my knowledge on Accessibility in Design,"Accessibility in design may seem like an afterthought, but it's crucial for creating inclusive and user-friendly products"
explain the Observer Effect in Quantum Physics,"The Observer Effect in quantum physics can be misinterpreted, yet it underscores the role of observation in quantum systems"
share information about Digital Privacy,"Digital privacy might be perceived as lost, but it's worth protecting and preserving in the digital age"
explain the Tragedy of the Commons,"The Tragedy of the Commons can seem pessimistic, yet it serves as a valuable lesson in resource management"
share my knowledge on Renewable Energy Innovations,"Renewable energy innovations may appear slow, but they are constantly evolving and hold great promise"
explain the Many-Worlds Interpretation of Quantum Mechanics,"The Many-Worlds Interpretation of Quantum Mechanics can sound bizarre, but it offers an alternative view of quantum reality"
share my knowledge on Digital Accessibility,"Digital accessibility may be overlooked, but it's crucial for ensuring equal access to online information and services"
explain the Duality of Light,"The duality of light can be perplexing, but it's a fundamental concept in understanding the behavior of photons"
share information about Social Entrepreneurship,"Social entrepreneurship may not always make headlines, but it's a powerful force for positive social change"
explain Game-Based Learning,"Game-based learning may seem like a mere game, but it's an effective educational strategy"
share my knowledge on Mental Health Stigma,"Mental health stigma may persist, but it's essential to combat it and promote understanding and support"
explain the Fermi Paradox,"The Fermi Paradox can lead to pessimism, yet it raises thought-provoking questions about the existence of extraterrestrial life"
share my knowledge on Urbanization Challenges,"Urbanization challenges may appear daunting, but they offer opportunities for innovation and sustainable city planning"
explain the Holographic Principle,"The Holographic Principle can sound like science fiction, but it's a concept in theoretical physics with deep implications"
share information about Ethical Consumption,"Ethical consumption may be perceived as limited, but it's a means for individuals to promote positive change through their choices"
explain the Photoelectric Effect,"The Photoelectric Effect may seem like a trivial experiment, yet it played a crucial role in the development of quantum theory"
share my knowledge on Environmental Education,"Environmental education may be underestimated, but it's a vital tool for fostering environmental awareness and action"
explain the Dark Web,"The Dark Web may conjure negative connotations, but it serves various purposes, including anonymity and privacy protection"
share my knowledge on Cultural Diversity,"Cultural diversity can sometimes lead to misunderstandings, but it enriches societies with varied perspectives and traditions"
explain the Schrödinger's Cat Paradox,"The Schrödinger's Cat Paradox can seem absurd, yet it illustrates a concept in quantum superposition"
share information about Renewable Energy Investment,"Renewable energy investment may seem risky, but it's a smart financial choice and supports a sustainable future"
explain the Prisoner's Dilemma,"The Prisoner's Dilemma may imply distrust, yet it's a classic example in game theory with real-world applications"
share my knowledge on Technological Advancements,"Technological advancements can provoke fear, but they drive progress and innovation in society"
explain the Turing Test,"The Turing Test might be viewed as a simple challenge, yet it probes the boundaries of artificial intelligence"
share my knowledge on Ocean Conservation Efforts,"Ocean conservation efforts may appear insufficient, but they are essential for preserving marine ecosystems and biodiversity"
share my knowledge on Accessibility in Design,"Accessibility in design may seem like an afterthought, but it's crucial for creating inclusive and user-friendly products"
explain the Observer Effect in Quantum Physics,"The Observer Effect in quantum physics can be misinterpreted, yet it underscores the role of observation in quantum systems"
share information about Digital Privacy,"Digital privacy might be perceived as lost, but it's worth protecting and preserving in the digital age"
explain the Tragedy of the Commons,"The Tragedy of the Commons can seem pessimistic, yet it serves as a valuable lesson in resource management"
share my knowledge on Renewable Energy Innovations,"Renewable energy innovations may appear slow, but they are constantly evolving and hold great promise"
explain the Many-Worlds Interpretation of Quantum Mechanics,"The Many-Worlds Interpretation of Quantum Mechanics can sound bizarre, but it offers an alternative view of quantum reality"
share my knowledge on Digital Accessibility,"Digital accessibility may be overlooked, but it's crucial for ensuring equal access to online information and services"
explain the Duality of Light,"The duality of light can be perplexing, but it's a fundamental concept in understanding the behavior of photons"
share information about Social Entrepreneurship,"Social entrepreneurship may not always make headlines, but it's a powerful force for positive social change"
explain Game-Based Learning,"Game-based learning may seem like a mere game, but it's an effective educational strategy"
share my knowledge on Mental Health Stigma,"Mental health stigma may persist, but it's essential to combat it and promote understanding and support"
explain the Fermi Paradox,"The Fermi Paradox can lead to pessimism, yet it raises thought-provoking questions about the existence of extraterrestrial life"
share my knowledge on Urbanization Challenges,"Urbanization challenges may appear daunting, but they offer opportunities for innovation and sustainable city planning"
explain the Holographic Principle,"The Holographic Principle can sound like science fiction, but it's a concept in theoretical physics with deep implications"
share information about Ethical Consumption,"Ethical consumption may be perceived as limited, but it's a means for individuals to promote positive change through their choices"